Income,Credit_History,Outstanding_Balance,Employment,Repay_Loan
19061.47566,5,42033.0793,Employed,0
20286.34853,5,41667.44994,Employed,0
20000,6,40750.65,Self-Employed,0
19264.16754,6,39228.05468,Self-Employed,0
20000,5,40358.74,Employed,0
20583.66119,6,41281.4936,Self-Employed,0
20932.51375,6,39451.79583,Self-Employed,0
26105.09,8,47552.18,Self-Employed,0
19161.84136,2,34478.80501,Employed,0
25778.73095,8,46142.69228,Self-Employed,0
19287.63416,2,34110.93405,Employed,0
29162.43173,3,51463.78568,Employed,0
19752.75435,4,34387.12503,Employed,0
20834.97925,3,35852.76394,Employed,0
30940.40461,3,53177.748,Employed,0
20000,4,34350.87,Employed,0
19912.61317,3,34160.8308,Employed,0
29479.06216,3,50522.22028,Employed,0
20156.20863,3,34466.37355,Employed,0
30196.5,3,51520.57,Employed,0
22654.23976,3,38445.70833,Self-Employed,0
19784.0382,4,33369.33363,Employed,0
30660.02054,3,51218.71168,Employed,0
19406.30574,4,32279.73549,Employed,0
20000,3,32960.63,Employed,0
19505.58976,2,31664.47705,Employed,0
31085.02911,3,50426.04233,Employed,0
19703.88162,3,31749.20779,Employed,0
30814.35711,3,49306.99746,Employed,0
23974.94355,5,38341.73332,Employed,0
19942.93943,3,31888.72807,Employed,0
19362.20715,3,30948.24424,Unemployed,0
20000,4,31927.35,Employed,0
26391.71084,6,42017.15329,Employed,0
20671.29669,4,32884.45306,Employed,0
20350.16278,2,32299.70882,Employed,0
19047.74434,3,30185.95661,Unemployed,0
23404.51,3,36891.89,Self-Employed,0
19579.97624,3,30771.07497,Unemployed,0
19277.54026,1,30158.54367,Employed,0
23252.30514,3,36242.73013,Self-Employed,0
20000,3,31039.34,Unemployed,0
26446.63,6,40979.39,Employed,0
20660.18284,1,31922.53894,Employed,0
19444.4029,1,29998.17867,Self-Employed,0
20718.68,3,31918.99,Employed,0
19373.77685,1,29596.15187,Self-Employed,0
20000,1,30404.31,Employed,0
20000,3,30400.62,Employed,1
24764.04018,5,37604.03119,Employed,0
24318.84784,0,36860.4355,Employed,0
29998.3528,6,45433.88579,Employed,0
24492.77212,5,37041.72598,Employed,0
28794.28,6,43436.54,Employed,0
20484.14798,4,30817.58327,Employed,0
20124.11312,1,30240.60729,Employed,0
24971.24,5,37262.27,Employed,0
35141.96,9,52430.93,Employed,0
20069.99589,1,29834.94237,Employed,0
35983.93458,9,53443.75245,Employed,0
20000,1,29678.26,Employed,0
20330.56958,2,29969.46932,Unemployed,0
24449.26,1,35985.38,Employed,0
20300.59705,1,29824.89493,Employed,0
19476.2565,1,28451.79757,Self-Employed,0
24590.56419,5,35920.74006,Employed,0
21218.43,2,30651.72,Unemployed,0
20824.31606,1,29995.24551,Employed,0
20892.54845,3,30002.67018,Unemployed,0
20985.20208,1,30133.86065,Employed,0
29726.76122,6,42565.69503,Employed,0
20000,1,28578.99,Self-Employed,0
21716.76278,2,31005.47909,Unemployed,0
24895.87298,5,35505.62341,Employed,0
20502.30893,5,29190.93111,Employed,0
21504.66301,3,30505.69837,Employed,0
21718.74334,3,30606.79279,Employed,0
24070.32471,6,33781.70907,Employed,0
36894.46447,9,51676.86606,Employed,0
20000,5,27938.18,Employed,0
34471.37,8,48146.54,Employed,0
33251.67181,8,45914.63534,Employed,0
25521.53812,6,35146.53406,Employed,0
23875.54023,2,32727.22347,Employed,0
26116.39118,5,35695.87039,Employed,0
24549.13583,6,33531.45406,Employed,0
25655.77171,6,34965.06843,Employed,0
31323.82264,7,42619.68316,Self-Employed,0
25062.62,6,33994.86,Employed,0
31260.1776,7,42000.80188,Self-Employed,0
20604.95,6,27640.3,Employed,1
20093.97,3,26855.9,Self-Employed,0
20063.12269,3,26694.4851,Self-Employed,0
31531.16414,7,41942.79311,Self-Employed,0
27209.45,9,36087.81,Employed,1
19680.74067,3,26071.12047,Employed,0
25937.13502,6,34189.80071,Employed,0
32672.0227,8,42989.15536,Unemployed,0
26241.46,10,34521.18,Employed,1
24217.00601,10,31840.83582,Employed,0
20000,10,26266.14,Employed,1
25140.11697,7,32737.62774,Employed,0
23588.56,2,30710.81,Employed,0
31462.56063,7,40877.22858,Self-Employed,0
32152.13195,8,41667.85973,Unemployed,0
19642.11225,2,25448.17893,Self-Employed,0
32251.12,7,41699.37,Self-Employed,0
20871.93284,3,26970.21508,Self-Employed,0
33658.87419,8,43348.71085,Unemployed,0
23587.87,10,30371.59,Employed,0
19023.02789,6,24426.59042,Self-Employed,0
32063.06715,7,40833.09868,Self-Employed,0
20000,2,25265.37,Self-Employed,0
24958.92,3,31460.3,Employed,0
20000,6,25181.02,Employed,1
20000,7,25045.82,Employed,1
25175.03227,2,31509.02602,Employed,0
33204.95,8,41549.29,Unemployed,0
22007.00418,9,27510.59854,Employed,0
19746.37992,3,24667.15756,Employed,0
20000,3,24958.05,Employed,0
23537.19526,10,29043.16628,Employed,0
32984.28803,7,40629.53005,Self-Employed,0
32799.53263,8,40387.52937,Unemployed,0
25601.39674,1,31302.97389,Unemployed,0
25970.51,9,31622.6,Employed,1
33522.73022,7,40522.04936,Self-Employed,0
33451.87,9,40421.78,Employed,0
26650.56,6,32066.08,Employed,0
26997.88479,6,32349.33972,Employed,0
33988.71513,9,40716.25725,Employed,0
22386.89,9,26813.62,Employed,0
22399.99701,9,26823.37005,Employed,0
23502.72565,9,28123.69513,Employed,0
29536.6625,1,35283.3222,Employed,0
22228.86255,9,26403.15969,Employed,0
33822.62238,1,39933.5502,Employed,0
20000,6,23475.62,Self-Employed,0
34440.25257,1,40408.5037,Employed,0
29982.31063,1,35080.52824,Employed,0
33805.11595,8,39541.26325,Unemployed,0
20412.55183,8,23830.95584,Self-Employed,0
35487.45619,4,41308.37625,Employed,0
27573.76637,6,32074.11876,Employed,0
19253.39171,6,22334.89655,Self-Employed,0
20186.47,7,23386.87,Employed,1
24126.23,1,27821.3,Unemployed,0
28278.73,2,32495.05,Employed,0
27128.78074,2,31123.11159,Employed,0
22644.16342,9,25894.15667,Employed,0
39777.88662,1,45478.56226,Self-Employed,0
28647.48585,1,32725.25989,Employed,0
22562.62467,9,25748.34047,Employed,0
20000,8,22792.68,Self-Employed,0
44737.84864,7,50841.98893,Employed,0
19286.57104,8,21892.76681,Self-Employed,0
30456.44302,1,34567.39484,Employed,0
19930.90143,8,22572.25396,Self-Employed,0
29833.24,1,33697.01,Employed,0
22979.61422,1,25884.21094,Self-Employed,0
20000,10,22430.92,Employed,1
29610.71378,2,33202.62594,Employed,0
26740.05,1,29955.82,Unemployed,0
22728.98909,1,25414.73569,Self-Employed,0
35361.9,4,39483.43,Employed,0
29483.06728,1,32883.49068,Employed,0
27219.51971,1,29973.55789,Unemployed,0
21991.02,7,24201.92,Employed,1
31469.02846,2,34597.61099,Self-Employed,0
31561.40092,3,34694.66792,Employed,0
23904.29,1,26234.07,Self-Employed,0
44978.37,7,49356.58,Employed,0
35155.93,1,38566.47,Employed,0
28831.46476,2,31575.09294,Employed,0
40146.59,6,43921.1,Employed,1
40229.65,1,43943.62,Self-Employed,0
23513.53718,8,25663.36061,Employed,0
30596.55765,1,33389.76288,Employed,0
45256.01057,7,49294.35378,Employed,0
20368,8,22113.97,Employed,1
32371.60683,2,35142.03648,Self-Employed,0
24548.05614,1,26509.0846,Self-Employed,0
27821.21,7,29863.77,Employed,0
40549.7017,3,43462.72182,Employed,0
24087.46085,7,25790.15261,Employed,0
31054.27337,3,33204.88501,Employed,0
26237.96,10,28031.55,Employed,1
25084.35666,1,26798.44954,Self-Employed,0
32130.45,1,34288.58,Employed,0
31119.78405,1,33139.40016,Employed,0
46042.37687,7,48841.29019,Employed,0
40655.02762,5,43117.07614,Employed,0
39712.06724,3,41936.50047,Employed,0
24820.22979,1,26196.54986,Self-Employed,0
27192.45742,7,28623.66089,Employed,0
31854.58,2,33511.14,Self-Employed,0
23382.64443,8,24597.16561,Employed,0
20310.5,10,21355.63,Employed,1
43583.19142,8,45819.49293,Self-Employed,0
24302.98,8,25531.49,Employed,0
28525.09096,1,29946.83338,Employed,0
20000,6,20978.27,Self-Employed,1
29234.96023,3,30664.61564,Employed,0
20965.39847,8,21961.05338,Self-Employed,0
27977.31911,8,29267.75547,Self-Employed,0
32357.11247,3,33848.30767,Employed,0
39355.03513,3,41151.92132,Employed,0
40323.2,3,42125.31,Employed,0
46808.65483,7,48875.41838,Employed,0
23554.4,5,24578.06,Employed,0
36787.42359,4,38318.70859,Employed,0
24414.04989,5,25374.52662,Employed,0
41505.53,3,43079.16,Employed,0
29141.41615,1,30237.16658,Employed,0
32469.83,3,33522.03,Employed,0
44050.29755,3,45437.68978,Employed,0
27716.59,3,28468.82,Self-Employed,0
27147.17274,2,27878.64228,Self-Employed,0
36998.8404,4,37941.83686,Employed,0
41440.9811,0,42466.01139,Self-Employed,0
27607.78433,3,28191.37119,Self-Employed,0
41095.32204,0,41800.01013,Self-Employed,0
39482.79026,0,40159.7472,Employed,0
44455.84,8,45009,Self-Employed,0
38025.54,0,38493.62,Employed,0
19292.41374,2,19510.44993,Employed,0
29496.82,2,29826.83,Employed,0
45361.86,4,45719.95,Unemployed,0
20740.66049,7,20870.64175,Employed,0
32855.45,2,33032.78,Employed,0
20000,7,20031.48,Unemployed,1
25177.15,3,25199.02,Self-Employed,0
24488.94876,5,24461.70612,Employed,0
25422.43661,3,25320.52555,Self-Employed,0
28297.58525,2,28154.36299,Employed,0
42070.75,5,41850.95,Employed,0
43625.98704,5,43203.18226,Employed,0
42371.64572,6,41863.04777,Self-Employed,0
20000,0,19737.39,Employed,1
30027.75502,2,29580.93362,Employed,0
38047.55791,2,37450.71883,Employed,0
38293.02037,0,37682.02396,Employed,0
21894.46857,2,21458.16577,Self-Employed,0
32626.1676,4,31918.15623,Employed,0
30432.22243,8,29712.89421,Self-Employed,0
52003.11,8,50768.6,Employed,0
38654.49757,3,37735.08623,Employed,0
20478.52799,2,19978.51008,Employed,0
28136.73,6,27396.75,Employed,1
30949.43023,3,30099.53307,Employed,0
29310.21,8,28431.05,Self-Employed,0
30322.46,3,29282.46,Employed,0
21165.91695,2,20402.43719,Self-Employed,0
39831.40499,4,38388.59078,Employed,0
21540.80484,7,20753.31132,Employed,0
26713.77717,4,25663.98122,Self-Employed,0
30086.74488,2,28899.95963,Employed,0
39397.6583,0,37718.21425,Employed,0
34198.77,2,32725.7,Employed,1
39104.01243,3,37389.38361,Employed,0
39079.96,4,37311.7,Employed,0
20000,2,19082.94,Employed,0
29499.49483,2,28053.8897,Employed,0
35336.67,3,33565.83,Employed,0
45951.88,3,43490.76,Employed,0
28672.84,2,27114.11,Employed,0
20000,4,18891.87,Employed,1
22001.95,2,20781.18,Self-Employed,0
26678.22773,4,25166.79261,Self-Employed,0
38551.11,3,36296.42,Unemployed,0
50444.00692,2,47424.52946,Employed,0
47904.06773,2,44998.01531,Employed,0
21300.8,7,20006.83,Employed,0
38651.56598,4,36295.45365,Employed,0
37453.41881,3,35088.07788,Unemployed,0
43061.16425,6,40295.71354,Self-Employed,0
33784.05,4,31593.81,Employed,0
39784.23,2,37190.41,Employed,0
34937.89,4,32554.04,Employed,0
22884.64599,2,21293.61796,Self-Employed,0
28538.37,4,26554.04,Employed,1
41902.15043,9,38944.11686,Employed,0
21925.93432,2,20327.52039,Self-Employed,0
47292.8,6,43817.14,Employed,0
26725.63645,4,24757.23223,Self-Employed,0
38898.44243,7,36030.27786,Unemployed,0
49637.07,2,45879.09,Employed,0
40193.98022,4,37098.06834,Employed,0
49843.57581,0,45929.75544,Employed,0
52974.1381,8,48809.37112,Employed,0
32874.66,9,30287.69,Employed,1
36523.78,10,33625.63,Self-Employed,1
32414.04194,9,29791.32518,Employed,0
39903.00804,0,36657.01343,Employed,0
27762.2497,4,25488.45379,Employed,0
44585.51,6,40931.98,Self-Employed,0
27726.53,4,25433.91,Self-Employed,0
40075.47561,9,36717.61678,Employed,0
37469.79,6,34273.05,Employed,1
36677.63045,9,33539.96686,Employed,0
28167.39284,1,25737.82671,Employed,0
22416.77626,2,20453.88261,Self-Employed,0
27452.86,9,25044.83,Employed,1
35362.31895,4,32256.19509,Employed,0
38826.46,7,35403.24,Unemployed,0
40368.50111,9,36805.42699,Employed,0
43717.32699,5,39759.48185,Employed,0
28547.88,8,25913.49,Self-Employed,0
35196.83395,4,31928.30111,Employed,0
49029.71336,2,44460.40196,Employed,0
41352.34,9,37481.37,Employed,0
39613.69,10,35889.4,Employed,0
39925.65,3,36163,Employed,0
51104.02533,1,46205.91447,Employed,0
41661.29453,9,37658.75607,Employed,0
51115.97209,0,46166.05636,Employed,0
32844.11,9,29639.07,Employed,0
47493.17,2,42770.86,Employed,0
33290.08566,9,29959.89186,Employed,0
37655.45312,10,33820.9174,Employed,0
48365.80204,2,43312.31719,Employed,0
38672.93433,7,34630.88556,Employed,0
25796.58,4,23090.47,Unemployed,0
34800.76888,4,31050.85837,Employed,0
36588.69107,4,32639.29959,Employed,0
40996.75,9,36536.17,Employed,1
47289.1206,2,42129.75818,Employed,0
51140.08,1,45490.1,Employed,0
47621.03163,6,42356.70008,Employed,0
40060.64,7,35587.89,Employed,0
48943.71853,9,43468.31673,Employed,0
27155.497,10,24112.90685,Employed,0
40956.66714,9,36342.24046,Employed,0
28326.74826,4,25127.62742,Self-Employed,0
41267.46568,10,36573.87024,Employed,0
35192.31,4,31185.5,Employed,0
37394.04955,10,33132.21286,Employed,0
42838.17081,0,37928.23383,Employed,0
36414.02,6,32239.49,Employed,1
47225.35175,2,41799.77778,Employed,0
41346.62,0,36562.08,Employed,0
27866.52971,4,24639.1648,Self-Employed,0
34602.27,2,30578.14,Employed,1
28279.79,2,24964,Employed,0
38615.42922,8,34073.33802,Unemployed,0
32171.46994,1,28373.61851,Employed,0
28769.44,4,25333.59,Employed,0
28852.88502,4,25301.58896,Self-Employed,0
52826.32462,1,46287.31686,Employed,0
30092.82621,2,26327.94408,Employed,0
21827.14932,7,19091.17275,Employed,0
25231.02524,4,22044.05638,Unemployed,0
20936.46693,2,18278.65743,Employed,0
29810.3,4,25995.78,Self-Employed,0
47177.03463,5,41071.23613,Employed,0
27822.17,6,24215.46,Employed,1
33987.01,6,29579.32,Employed,1
35117.33495,4,30529.00311,Employed,0
37875.53,10,32906.44,Employed,0
28397.9064,4,24640.16091,Self-Employed,0
28080.93666,10,24347.4873,Employed,0
28585.25288,2,24772.81438,Employed,0
41329.45769,9,35787.24906,Employed,0
36055.85823,1,31207.26086,Employed,0
48368.6,2,41840.97,Employed,0
42341.56678,0,36572.46116,Employed,0
35171.13,1,30294.13,Employed,0
27115.16,10,23344.39,Employed,0
49679.49,9,42758.25,Self-Employed,1
37161.45498,4,31974.026,Employed,0
37007.38,8,31839.87,Employed,1
27062.98006,10,23248.89077,Employed,0
49347.50419,9,42381.38383,Employed,0
44231.67,7,37987.25,Employed,0
20000,7,17132.06,Employed,1
32186.02,2,27564.88,Employed,1
40027.00212,6,34173.16355,Self-Employed,0
35909.97,0,30626.57,Employed,1
26470.96803,4,22555.92078,Unemployed,0
57739.09,3,49181.74,Employed,1
36865.73,4,31395.56,Employed,0
36000.98,4,30600.9,Employed,0
49792.4632,8,42276.20218,Employed,0
39948.38372,3,33888.63469,Self-Employed,0
33205.74,3,28168.37,Employed,1
28552.49692,9,24193.51526,Unemployed,0
33270.69903,9,28186.01906,Employed,0
55384.97754,1,46897.93884,Employed,0
30316.77801,4,25635.23518,Self-Employed,0
49638.12,8,41962.23,Employed,0
39833.83,9,33633.77,Employed,1
30863.70657,4,26001.39353,Self-Employed,0
30929.90278,2,26053.0992,Employed,0
43578.27,3,36653.52,Employed,0
35403.97,3,29695.69,Employed,1
29777.22,3,24947.06,Employed,0
52346.98846,0,43821.83014,Employed,0
50288.78691,2,42088.20683,Employed,0
28628.78,9,23958.2,Unemployed,0
33446.16,1,27967.02,Employed,0
49226.65926,5,41153.31154,Employed,0
39662.18,8,33116.93,Unemployed,0
34962.06,4,29134.74,Employed,0
39485.2937,3,32882.5412,Self-Employed,0
46720.64294,5,38882.08457,Employed,0
30547.52,2,25384.35,Employed,1
53933.37761,0,44798.9234,Employed,0
34441.31,7,28595.85,Employed,0
34299.09143,9,28418.45634,Employed,0
37313.47422,4,30876.38838,Employed,0
34612.26175,1,28562.99232,Employed,0
54441.8,1,44851.9,Employed,0
40823.46,8,33632.29,Employed,1
36830.26,6,30338.81,Self-Employed,0
38685.86,3,31842.57,Employed,1
30333.22814,2,24949.56509,Employed,0
37680.68601,4,30979.46307,Employed,0
47515.13271,5,39025.13083,Employed,0
39594.67525,0,32435.84873,Employed,0
40125.71736,0,32861.62232,Employed,0
27117.12,7,22166.83,Self-Employed,1
46249.3,7,37681.69,Self-Employed,1
36151.5,4,29411.82,Employed,1
25809.26,3,20976.7,Employed,1
48281.9,5,39234.46,Employed,0
42423.39491,6,34444.68935,Unemployed,0
28131.75861,9,22801.53206,Unemployed,0
39036.05,6,31628.39,Employed,1
23618.91,0,19119.09,Employed,1
36441.39,6,29488.13,Employed,1
50594.81546,8,40923.56855,Employed,0
33402.11,5,26986.89,Employed,1
34901.86,6,28193.73,Employed,0
41211.68198,6,33260.81405,Self-Employed,0
38393.16,4,30973,Unemployed,0
37965.84,4,30573.68,Employed,0
54539.53,6,43883.72,Employed,1
36580.89,4,29427.89,Employed,1
44989.87286,3,36185.08569,Employed,0
40240.36,3,32347.52,Self-Employed,0
39212.7,7,31502.67,Employed,1
41470.00945,6,33282.93033,Self-Employed,0
34705.12673,6,27817.00093,Employed,0
29890.12736,3,23938.24495,Employed,0
30153.65,7,24147.73,Employed,1
40808.17,0,32676.52,Employed,0
31342.05,4,25070.2,Employed,1
40276.11481,5,32141.51447,Employed,0
37726.69,9,30094.72,Employed,1
32448.3,5,25872.62,Employed,1
53587.192,6,42618.53505,Employed,0
31855.38,10,25309.76,Employed,1
40073.2,10,31818.91,Employed,1
40351.54867,3,32033.46027,Self-Employed,0
36386.55,1,28861.91,Employed,1
53241.53748,6,42171.73372,Employed,0
35495.36,3,28089.19,Employed,1
45645.88,7,36095.21,Employed,1
31492.67863,0,24900.21981,Employed,0
41971.47,5,33101.92,Employed,0
43724.30057,5,34457.41081,Employed,0
52038.77753,8,40995.86487,Employed,0
27294.28,6,21493.42,Self-Employed,1
37617.54,1,29603.05,Employed,1
48791.18721,6,38277.85401,Employed,0
42702.0268,5,33438.61964,Employed,0
42016.31638,3,32882.04581,Unemployed,0
30603.65634,0,23924.19784,Employed,0
42036.97,6,32838.17,Self-Employed,0
22970.29,8,17943.72,Employed,1
40990.42,10,31947.63,Self-Employed,1
41244.15884,8,32118.01802,Unemployed,0
40736.49574,5,31699.29836,Employed,0
33908.85,9,26376.06,Employed,1
20000,6,15536.79,Employed,1
49276.71853,5,38229.82971,Employed,0
37351.3,9,28949.11,Employed,1
42207.93229,5,32685.95673,Employed,0
49217.5058,5,38100.02171,Employed,0
49816.3,6,38555.03,Employed,0
25755.34,1,19908.18,Employed,0
58731.47,9,45393.82,Self-Employed,1
42658.41,6,32949.86,Unemployed,0
41065.23574,3,31664.93491,Self-Employed,0
49734.7044,5,38174.56145,Employed,0
26031.79343,1,19967.02835,Employed,0
20000,1,15332.41,Employed,1
38483.04,4,29458.7,Self-Employed,1
57592.90588,4,44042.72131,Employed,0
44143.23535,1,33755.76318,Employed,0
29989.62,6,22915.64,Employed,1
41699.67971,6,31858.52077,Self-Employed,0
26442.49,10,20193.81,Employed,1
47664.84,4,36383.6,Employed,0
29699.17424,4,22651.61011,Employed,0
41980.54342,3,31952.41993,Unemployed,0
53023.63107,6,40285.18497,Employed,0
49817.90432,6,37835.755,Employed,0
50219.92265,2,38134.75113,Employed,0
43641.34439,9,33136.03811,Unemployed,0
42053.6,10,31917.07,Unemployed,0
50363.29,7,38076.09,Employed,1
53629.43,8,40498.12,Employed,1
42875.82,4,32376.54,Employed,1
39847.41012,4,30076.31186,Unemployed,0
31869.0924,0,24031.25215,Self-Employed,0
34778.65,1,26197.39,Employed,0
42378.97503,5,31761.30836,Employed,0
26988.29,2,20180.17,Employed,1
32031.83,0,23933.07,Employed,0
40853.26,2,30469.12,Self-Employed,1
32121.48437,0,23894.04446,Employed,0
31635.53,1,23511.65,Employed,0
41395.07,4,30753.43,Employed,1
25077.2,9,18626.89,Employed,1
30650.59,4,22765.82,Employed,0
31545.47525,0,23424.56953,Employed,0
41719.57638,9,30978.53658,Unemployed,0
46535.98,9,34532.75,Unemployed,1
32122.5447,0,23831.24931,Self-Employed,0
49949.38,7,37041.02,Employed,1
45214.19,6,33510.16,Self-Employed,1
42469.19,9,31442.93,Employed,1
32656.858,1,24103.81431,Self-Employed,0
29724.73,8,21918.98,Self-Employed,1
28666.19,1,21131.4,Self-Employed,0
55544.63,6,40826.6,Employed,0
46304.4716,3,33916.2067,Employed,0
33404.98,8,24447.74,Self-Employed,1
31985.34413,0,23388.35852,Employed,0
43090.48792,5,31482.28895,Employed,0
42833.13015,0,31271.98429,Employed,0
43596.78,3,31785.13,Unemployed,0
57164.61659,4,41627.69925,Employed,0
57594.72344,5,41809.85141,Employed,0
20504.65,7,14882.36,Employed,1
51028.44,5,37031.73,Unemployed,0
50696.55,4,36773.77,Employed,1
24404.64206,6,17691.44049,Employed,0
35795.1405,1,25944.74222,Employed,0
39834.27,4,28870.8,Unemployed,0
37295.58,7,27014.95,Self-Employed,1
32414.9961,0,23418.31661,Employed,0
33048.51202,0,23869.8167,Self-Employed,0
46415.78,3,33510.73,Employed,0
56424.61,7,40682.26,Employed,1
59715.33,4,43036.39,Employed,0
51160.52,2,36786.75,Employed,0
32471.83059,2,23336.67573,Employed,0
38226.53,7,27436.52,Employed,1
44859.28,2,32181.95,Employed,1
32854.93,1,23569.73,Self-Employed,0
48594.32573,8,34847.14532,Employed,0
35129.11,9,25188.71,Employed,1
37565.07,6,26928.58,Employed,1
45085.07,1,32292.15,Employed,0
28399.24,0,20340.08,Employed,1
39233.09778,4,28096.23396,Unemployed,0
40249.96,4,28761.74,Self-Employed,1
36228.89773,1,25882.03475,Employed,0
43240.67364,10,30889.77905,Unemployed,0
55280.83,7,39451.95,Unemployed,0
45511.72697,3,32457.67656,Unemployed,0
40552.79125,1,28908.44505,Self-Employed,0
30848.77,6,21979.17,Employed,1
52875.75757,4,37597.48891,Unemployed,0
28724.51,2,20412.87,Self-Employed,1
30178.43606,2,21445.82255,Employed,0
56887.7,8,40420.7,Employed,1
22926.77,3,16273.24,Employed,1
47644.81572,6,33813.42616,Unemployed,0
37666.69,8,26715.31,Employed,1
71090.21795,9,50409.34133,Unemployed,0
35024.22,3,24795.08,Employed,1
26436.86,9,18714.54,Employed,1
43404.03,7,30719.3,Self-Employed,1
31460.50892,2,22242.20654,Employed,0
32459.63562,2,22927.4761,Employed,0
49296.19,8,34819.61,Employed,0
31323.87961,1,22124.52237,Employed,0
72520,9,51129.1,Unemployed,0
42042.48,7,29619.87,Employed,1
47712.95,2,33601.16,Employed,1
51753.82846,2,36446.87467,Employed,0
30795.43,0,21680.15,Employed,1
51804.43,7,36433.78,Employed,1
31462.97641,1,22112.43863,Employed,0
74085.31768,9,52037.28904,Unemployed,0
60418.37293,4,42411.78746,Employed,0
41753.65098,3,29305.12331,Unemployed,0
27277.29,5,19139.3,Employed,1
46106.8,9,32337.24,Employed,1
46487.7,8,32592.33,Employed,1
26227.75571,6,18384.689,Employed,0
46416.02,7,32525.41,Employed,1
39770.24,8,27840.03,Employed,1
31233.3,2,21856.89,Employed,0
46599.81947,1,32590.01573,Employed,0
56500.73288,7,39495.43624,Unemployed,0
39316.84548,4,27476.23719,Unemployed,0
45783.5,3,31931.13,Employed,1
42046.14,3,29324.35,Employed,1
51895.69,8,36187.88,Employed,0
49602.29,7,34526.17,Unemployed,0
53038.63637,8,36892.37089,Employed,0
45272.8004,1,31435.11512,Employed,0
44083.30544,1,30602.94091,Employed,0
31834.76,9,22076.03,Employed,1
49634.68,3,34419.45,Employed,1
50187.34149,1,34784.91899,Unemployed,0
40616.56,4,28139.81,Employed,1
58328.97901,3,40410.77045,Employed,0
39845.4542,1,27585.82387,Employed,0
51928.27463,8,35912.69166,Employed,0
42490.53112,5,29376.425,Employed,0
58201,5,40225.9,Employed,0
38648.11132,1,26681.88984,Employed,0
52144.15,1,35994.71,Unemployed,0
71399.22928,9,49237.55382,Unemployed,0
42568.91992,1,29342.27192,Employed,0
30929.69158,1,21312.21396,Employed,0
52770.2,4,36357.98,Unemployed,0
41355.78305,1,28487.04259,Employed,0
41534.65452,1,28610.01292,Self-Employed,0
39452.35,0,27158.73,Employed,0
57104.04525,3,39238.84587,Self-Employed,0
33341.36,2,22908.97,Employed,0
43363.65959,0,29794.44123,Unemployed,0
25586.86,6,17573.01,Employed,0
46630.5,5,32024.51,Self-Employed,1
46912.92018,2,32170.2758,Employed,0
31833.38471,2,21828.02035,Employed,0
31371.30709,1,21506.37733,Employed,0
28502.40116,1,19519.36073,Employed,0
29334.96,3,20078.8,Employed,1
38305.26758,0,26214.97453,Employed,0
26561.81,9,18158.54,Employed,1
41600.05056,1,28434.84472,Employed,0
29633.63585,1,20223.12829,Employed,0
36727.96,4,25030.9,Employed,1
31891.06355,2,21733.51332,Employed,0
34907.48042,2,23774.8016,Employed,0
45379.49,1,30901.83,Employed,0
58194.26,10,39598.37,Employed,1
29651.27,5,20160.25,Employed,1
45169.08,0,30697.71,Unemployed,0
52538.42877,5,35705.06491,Unemployed,0
55587.47027,3,37759.61741,Employed,0
41859.89,1,28417.81,Employed,0
60594.5486,5,41110.01383,Employed,0
40627.72,1,27547.33,Employed,0
44220.3,1,29961.18,Employed,1
34064.1,5,23078.32,Employed,1
40347.23,0,27328.29,Employed,1
42644.80387,5,28875.73042,Employed,0
57469.97,3,38904.41,Employed,0
46487.95,10,31464.41,Employed,1
24748.43,2,16733.27,Employed,1
61834.85907,4,41805.73061,Employed,0
42235.83,8,28500.79,Employed,1
60053.69227,1,40523.04452,Self-Employed,0
42549.39166,1,28673.4672,Self-Employed,0
43992.84267,6,29636.77173,Employed,0
47345.79,2,31885.97,Employed,0
40692.5843,1,27395.35702,Employed,0
45386.2471,2,30523.15181,Employed,0
28887.32,1,19401.74,Employed,0
44992.71,7,30216.23,Employed,1
33159.17,3,22266.84,Self-Employed,0
57931.34973,3,38877.53819,Employed,0
41696.18,1,27979.95,Self-Employed,0
54202.42,9,36367.4,Employed,1
47554,0,31861.45,Employed,1
62183.17079,4,41588.73406,Employed,0
38772.7,10,25925.67,Employed,1
36163.85,6,24174.65,Employed,1
42278.65251,1,28247.2667,Self-Employed,0
42225.95,7,28201.58,Self-Employed,0
37067.45708,3,24742.17971,Self-Employed,0
42259.33,2,28199.25,Employed,1
56668.68635,0,37792.49548,Employed,0
44857.07171,2,29902.91142,Unemployed,0
23473.41,2,15638.45,Employed,1
51325.37787,5,34137.92275,Unemployed,0
36495.92188,4,24246.05548,Self-Employed,0
38336.7169,6,25435.31307,Unemployed,0
32451.25,1,21495.98,Employed,0
59393.8607,1,39341.62255,Self-Employed,0
28040.99897,1,18567.31567,Employed,0
46037.60609,2,30472.3903,Employed,0
42736.49,10,28282.3,Employed,1
39026.31055,3,25824.1,Self-Employed,0
31640.9,7,20929.79,Employed,1
57270.99,3,37847.75,Self-Employed,0
45463.83281,6,30042.00422,Employed,0
43215.41,2,28524.69,Unemployed,0
21656.89,1,14293.6,Employed,1
42220.57189,1,27858.56682,Self-Employed,0
22984.13,10,15163.83,Self-Employed,1
50541.90088,7,33341.40197,Unemployed,0
41126.43,5,27105.49,Employed,1
39328.85578,1,25909.33844,Employed,0
41246.74662,0,27139.56162,Employed,0
52348.64536,1,34441.99019,Unemployed,0
50690.22916,8,33348.945,Employed,0
43691.6386,1,28743.15909,Self-Employed,0
53655.31,8,35280.31,Employed,1
46700.03527,2,30703.91805,Employed,0
30573.82,4,20085.56,Employed,1
45230.77247,6,29699.74981,Employed,0
39779.80961,1,26085.97653,Employed,0
45763.63083,1,29998.58256,Employed,0
50657.17,7,33204.14,Employed,1
41418.24686,1,27142.76047,Employed,0
35310.77342,5,23138.20462,Self-Employed,0
59654.15561,3,39061.80077,Employed,0
58500.12142,0,38273.95549,Employed,0
39520.15985,1,25854.41767,Employed,0
33917.91,7,22186.59,Employed,1
50076.7,10,32753.91,Employed,1
45267.13005,6,29565.85664,Employed,0
43482.56,9,28396.64,Self-Employed,1
38251.2,3,24968.74,Self-Employed,0
33982.96,6,22178.02,Employed,1
45806.58055,0,29887.64342,Unemployed,0
33408.47566,1,21791.54709,Employed,0
43555.50609,5,28368.89914,Employed,0
44993.68392,6,29301.31226,Employed,0
42395.85,7,27608.47,Employed,1
28717.40269,1,18682.27723,Employed,0
38332.75,0,24935.6,Self-Employed,1
29021.49,2,18865.19,Employed,1
43690.32,5,28394.69,Employed,0
52552.83155,0,34107.43558,Employed,0
46704.92,5,30294.57,Employed,1
44313.08,1,28687.73,Self-Employed,0
38669.26,1,25032.52,Employed,1
45474.0577,1,29434.98412,Employed,0
32296.84228,1,20903.27666,Employed,0
55259.45,6,35737.34,Employed,1
21872.41,4,14135.85,Employed,1
41131.46667,1,26574.74704,Employed,0
43307.25,3,27918.59,Unemployed,0
35382.06,5,22788,Employed,1
36362.34268,0,23412.49214,Unemployed,0
44881.96873,5,28897.83754,Employed,0
41834.26,3,26928.56,Employed,1
26054.17868,6,16754.75562,Employed,0
37380.08175,3,24016.69742,Self-Employed,0
42594.26729,1,27344.27531,Employed,0
57267.89344,3,36751.46416,Self-Employed,0
56292.99,8,36075.78,Employed,1
61109.1288,5,39149.57192,Unemployed,0
39606.36,10,25362.91,Employed,1
43020.34,2,27534.19,Employed,0
33241.64372,3,21251.86923,Self-Employed,0
46248.93025,4,29561.717,Employed,0
45060.71958,5,28800.42816,Employed,0
47730.9,4,30488.64,Unemployed,0
40595.49,5,25914.42,Employed,1
22540.51,9,14386.62,Self-Employed,1
21482.61656,7,13710.72401,Self-Employed,0
29421.48,10,18766.56,Unemployed,1
61511.89303,7,39182.25152,Self-Employed,0
38881.39527,1,24766.00117,Employed,0
52923.86373,5,33704.02005,Unemployed,0
47240.25,5,30059.25,Employed,1
34576.4826,4,21978.94917,Self-Employed,0
21772.26,0,13827.88,Unemployed,1
57378.79,0,36406.15,Employed,0
45624.59,6,28946.47,Employed,0
40310.54,1,25560.22,Employed,0
48642,4,30821.12,Unemployed,1
36657.28,9,23220.82,Self-Employed,1
46214.7,9,29256.72,Employed,1
60980.54302,5,38532.21311,Unemployed,0
41745.42,2,26373.25,Employed,0
41114.09,7,25954.91,Employed,1
40439.19,1,25518.86,Employed,0
36742.14,6,23163.58,Employed,1
45220.48012,1,28496.49068,Self-Employed,0
39470.12,3,24861.85,Self-Employed,1
44827.93781,2,28226.54344,Employed,0
60396.58,6,38014.3,Employed,1
25319.02,7,15931.15,Unemployed,1
62006.14,1,39002.68,Self-Employed,0
53910.11,6,33890.24,Self-Employed,1
41274.79,2,25878.56,Self-Employed,0
43641.68614,2,27331.28671,Unemployed,0
53506.79,5,33508.52,Unemployed,0
43525.7,6,27241.37,Employed,1
36167.52,5,22635.51,Self-Employed,0
43221.93327,5,27046.35929,Employed,0
43609.28345,2,27279.17924,Employed,0
62338.17,5,38977.67,Employed,1
43009.45,6,26891.64,Employed,1
56554.07,8,35344.82,Employed,1
46602.82,6,29079.62,Employed,1
53348.58,0,33280.57,Employed,0
47843.28256,1,29823.99718,Self-Employed,0
39504.12,6,24602.72,Unemployed,0
49783.22,8,30989.83,Self-Employed,1
50570.05,9,31460.28,Employed,1
45159.8,9,28080.36,Unemployed,1
54669.02004,0,33991.70932,Employed,0
42719.55,5,26549.76,Self-Employed,1
41597.28,4,25825.71,Employed,1
40234.21642,2,24976.64234,Self-Employed,0
62347.56,5,38688.18,Unemployed,0
46114.37,9,28614.37,Employed,1
28873.08,1,17915.32,Employed,1
49708.71,2,30841.98,Employed,1
42876.45,3,26590.54,Employed,1
20919.77136,8,12972.6148,Self-Employed,0
58074.44,6,35983.22,Unemployed,1
54853.4242,5,33986.43698,Unemployed,0
37252.33,6,23069.81,Employed,1
46955.24168,1,29071.33413,Self-Employed,0
52155.98325,0,32268.8247,Employed,0
55640.77021,3,34406.84904,Employed,0
47723.22,4,29500.16,Employed,1
44610.62,4,27565.65,Employed,1
44895.54735,2,27737.64802,Employed,0
44449.83,4,27451.51,Employed,1
55230.97903,0,34097.85415,Employed,0
45442.19968,1,28048.37725,Employed,0
29452.96,9,18161.46,Employed,1
44691.62384,1,27531.94532,Employed,0
64092.98855,1,39449.69306,Self-Employed,0
21938.12,7,13501.73,Self-Employed,0
40226.19091,1,24753.52242,Employed,0
44859.69,5,27595.15,Employed,0
47935.25655,1,29476.08533,Self-Employed,0
38489.79,2,23631.16,Employed,1
43303.5,5,26577.63,Self-Employed,1
54036.9,3,33155.08,Employed,1
60070.1,1,36845.25,Employed,0
61463.3418,5,37674.81019,Unemployed,0
55128.65145,3,33769.89432,Employed,0
54249.52678,5,33208.15748,Unemployed,0
28749.0752,0,17592.20444,Unemployed,0
62962.07697,5,38446.5877,Unemployed,0
62455.04,7,38134.08,Self-Employed,0
38613.01,1,23556.69,Self-Employed,1
30193.15,5,18406.38,Employed,1
53121.58138,0,32377.08413,Employed,0
58961,9,35926.7,Employed,1
44172.22,6,26900.74,Employed,1
36541.18,2,22242.35,Self-Employed,1
44991.25631,5,27381.14127,Employed,0
43773.09137,2,26610.16577,Employed,0
22013.60204,7,13371.86442,Self-Employed,0
44563.39,4,27034.4,Employed,1
33054.4,3,20022.88,Self-Employed,1
51465.14,7,31168.34,Employed,1
52540.41,2,31815.68,Self-Employed,1
27775.20223,0,16816.92909,Unemployed,0
29156.41,0,17640.83,Unemployed,0
40338.01923,5,24404.08598,Unemployed,0
34327.86,3,20766.09,Self-Employed,1
63160.43,1,38205.44,Employed,1
42331.76,2,25583.36,Employed,1
37411.74,0,22586.61,Unemployed,0
47580.71,4,28721.97,Employed,0
49006.37314,4,29581.83547,Unemployed,0
49008.8,7,29577.92,Self-Employed,1
45483.44,8,27441.86,Employed,1
54620.76,8,32920.6,Unemployed,0
44976.29926,2,27106.78348,Self-Employed,0
53573.54365,3,32244.25004,Employed,0
49465.38,9,29736.22,Employed,1
44627.85791,2,26796.96856,Self-Employed,0
31787.17,4,19081.55,Self-Employed,1
52212.04964,0,31337.35264,Employed,0
39977.84,10,23993.18,Employed,1
49229.09,1,29524.62,Self-Employed,0
34134.34,9,20469.35,Employed,1
50855.2,0,30484.83,Employed,0
45874.22,1,27499,Employed,0
61902.33,1,37045.92,Employed,1
32804.82,1,19621.07,Employed,1
50924.2125,1,30429.20534,Self-Employed,0
29793.11,1,17789.58,Self-Employed,1
32338.56447,4,19295.06129,Unemployed,0
32750.4792,4,19536.49339,Unemployed,0
42159.15,9,25086.08,Employed,1
42035.05,8,25001.43,Employed,1
41716.65,9,24807.45,Employed,1
45194.79,6,26863.54,Employed,1
33130.37,8,19687.97,Employed,1
48331.61,3,28707.47,Employed,1
29298.48,10,17402,Employed,1
44702.51,2,26544.31,Employed,0
36189.9,5,21488.77,Employed,1
30232.61126,0,17926.69657,Unemployed,0
44770.22,8,26523.06,Employed,1
64391.84122,1,38131.62189,Self-Employed,0
50359.38341,2,29818.16124,Employed,0
40200.06,6,23797.68,Employed,1
38406.83,8,22731.18,Employed,1
56147.28,3,33227.44,Employed,0
31283.25,2,18487.01,Employed,1
52408.61,6,30965.47,Employed,1
45335.80487,5,26757.00036,Employed,0
44118.38,8,26030.95,Self-Employed,1
46428.68139,2,27384.46156,Employed,0
50233.69,2,29578.4,Employed,1
62055.82651,0,36516.33334,Employed,0
51596.45,7,30354.43,Employed,1
62381.25,9,36690.7,Employed,1
59493.98,10,34967.1,Self-Employed,1
33414.43,3,19634.1,Employed,1
56644.75792,3,33256.65125,Employed,0
56055.95,5,32907.58,Employed,1
47138.54845,4,27669.31536,Employed,0
60168.89,7,35287.48,Employed,1
47807.55381,1,28017.0317,Employed,0
59212.5,6,34621.96,Employed,1
54771.57255,8,32018.64519,Unemployed,0
51840.05,3,30294.41,Employed,0
35425.79,0,20693.7,Self-Employed,1
54337.53,9,31734.42,Employed,1
43228.85645,1,25228.10176,Unemployed,0
39799.63,5,23216.79,Self-Employed,1
55433.1722,8,32301.59224,Unemployed,0
42741.71,7,24892.55,Employed,1
28900.08,1,16826.5,Employed,1
46036.42744,2,26795.79595,Employed,0
45304.35384,2,26331.75527,Employed,0
22430.91045,7,13037.16176,Self-Employed,0
46014.55103,2,26726.26276,Employed,0
25773.02,8,14964.3,Employed,1
32061.75,9,18614.88,Employed,1
43131.20558,1,25038.86955,Unemployed,0
27816.33,5,16143.27,Employed,1
53366.78,5,30960.7,Employed,1
54481.29,6,31598.4,Employed,1
51759.91,9,30016.32,Employed,1
53581.84,5,31058.33,Employed,1
53806.09,2,31186.32,Employed,1
46030.15,1,26647.03,Employed,1
50138.57305,0,29016.60638,Employed,0
39202.34,5,22668.18,Employed,1
48942.52,4,28271.15,Employed,1
50146.51729,3,28918.25905,Employed,0
44520.18,1,25648.42,Unemployed,0
45709.94,5,26265.38,Employed,0
49422.37,2,28377.64,Employed,1
46143.44,5,26480.93007,Employed,0
57945.39,1,33252.76,Employed,1
56123.79,5,32202.83,Employed,1
40222.46,2,23076.77,Employed,1
57364.62,1,32880.76,Employed,1
55271.72,2,31675.1,Employed,1
52029.38242,2,29814.381,Employed,0
39247.67,3,22483.25,Employed,1
46382.06433,5,26549.47691,Employed,0
46372.46914,2,26515.64839,Employed,0
49166.78,5,28021.28,Employed,1
60914.44,2,34710.35,Employed,1
47923.16,7,27290.64,Employed,1
38404.85,9,21864.16,Employed,1
45514.89,10,25904.22,Employed,1
59640.84,9,33931.81,Self-Employed,1
43143.56,3,24535.86,Employed,1
46776.18,2,26596.5,Self-Employed,0
41493.13553,9,23581.9036,Self-Employed,0
39307.31,2,22338.48,Employed,1
46425.81275,5,26345.78351,Unemployed,0
48832.44,1,27707.5,Self-Employed,1
55213.73,8,31279.09,Employed,1
56207.57533,3,31836.06231,Self-Employed,0
35425.15,6,19972.14,Employed,1
35007.256,2,19726.9714,Employed,0
54713.71,3,30819.85,Employed,1
55913.97529,3,31487.95658,Self-Employed,0
42801.89334,4,24080.36716,Employed,0
42812.39,7,24080.53,Employed,1
56600.22,3,31801.28,Self-Employed,0
50403.29,4,28316.17,Employed,1
48010.49,10,26963.23,Employed,1
58458.64,3,32809.4,Self-Employed,1
26552.14,6,14898.39,Employed,1
37911.95,1,21247.52,Self-Employed,1
35262.69,3,19757.67,Employed,0
42685.91,3,23883.76,Employed,1
58998.93,9,32927.45,Employed,1
48394.54,6,27007.01,Employed,1
53016.49,8,29552.69,Employed,1
42349.75,5,23594.76,Employed,1
32958.64361,4,18336.38195,Unemployed,0
38848.82366,6,21596.3689,Employed,0
51459.57452,1,28583.95797,Self-Employed,0
44264.93606,1,24581.35773,Unemployed,0
49037.92,2,27228.27,Employed,1
40857.32,4,22678.44,Employed,1
52963.99,5,29374.77,Employed,1
33833.83,4,18762.71,Unemployed,0
53665.51399,2,29753.60798,Employed,0
58689.37,3,32531.33,Self-Employed,0
48107.68463,1,26665.85801,Unemployed,0
59527.58,6,32912.74,Unemployed,1
46798.36,5,25873.92,Employed,1
52693.73,1,29104.18,Self-Employed,1
60229.29,4,33254.32,Employed,1
37535.75,1,20722.79,Employed,1
39469.2,3,21786.95,Employed,1
40210.64,5,22193.02,Employed,1
41567.48,3,22935.38,Employed,0
47226.47,4,26056.06,Unemployed,0
42477.35422,8,23431.25835,Self-Employed,0
29258,4,16126.38,Self-Employed,1
42752.2,4,23562.53,Employed,0
27263.84,0,15024.28,Employed,1
30579.78,4,16847.03,Self-Employed,0
43033.59621,4,23695.09473,Employed,0
65978.13135,2,36314.97669,Employed,0
28815.44,3,15847.86,Employed,1
63860.41,5,35091.31,Employed,1
49705.43,0,27309.59,Employed,1
45175.47,8,24802.61,Self-Employed,1
51228.11,2,28107.99,Employed,1
54820.36,8,30071.57,Employed,1
36632.12,5,20062.73,Self-Employed,1
47277.41625,5,25876.25987,Employed,0
38967.05,4,21306.9,Employed,1
34658.11,5,18941.81,Employed,1
48789.25,5,26653.69,Unemployed,0
47515.52916,4,25945.27177,Unemployed,0
41358.3435,6,22582.37762,Employed,0
64472.77,2,35154.45,Employed,1
32624.53,3,17784.63,Employed,1
45179.21,9,24624.84,Employed,1
36522.98,9,19901.55,Self-Employed,1
68606.57884,2,37376.06814,Employed,0
47472.97729,2,25859.65806,Self-Employed,0
53863.26,8,29331.28,Employed,1
42957.88,5,23361.45,Self-Employed,1
53429.27583,0,29046.07913,Employed,0
47926.04,1,26041.21,Employed,1
46575.21486,5,25306.38366,Employed,0
49405.94969,4,26831.25518,Unemployed,0
50491.4856,1,27399.55484,Unemployed,0
52947.82,3,28728.24,Employed,1
50704.71,7,27510.99,Employed,1
40225.99,8,21825.01,Employed,1
42181.54568,6,22879.54495,Employed,0
52866.49,7,28567.02,Employed,1
46944.89,0,25364.14,Employed,1
47215.12,1,25507.98,Employed,1
80091.39,6,43246.73,Employed,1
37304.65,3,20134.5,Employed,1
55077.26,1,29720.57,Employed,1
36687.62,4,19794.39,Unemployed,1
35232.4584,2,19008.73438,Employed,0
39677.74,10,21386.45,Employed,1
51793.71,0,27899.2,Employed,0
53674.5,3,28875.04,Employed,1
67833.7,2,36435.42,Employed,0
53749.09946,7,28842.97246,Employed,0
55828.68,9,29937.82,Employed,1
35324.41,8,18927.35,Employed,1
36925.41871,0,19769.5525,Employed,0
19545.20351,1,10462.18407,Employed,0
53411.9,5,28580.14,Unemployed,1
48081.24,7,25720.06,Self-Employed,1
53197.95,8,28422.97,Employed,1
57450.71,4,30683.79,Employed,1
39373.9,8,21028.59,Employed,1
41667.84,6,22231.53,Employed,1
59508.79,8,31717.18,Self-Employed,1
68928.82,4,36699.23,Employed,1
51305.71,4,27313.8,Self-Employed,0
57088.96,9,30363.03,Self-Employed,1
45670.12,1,24281.86,Self-Employed,1
47095.11,10,25016.85,Employed,1
37745.96,7,20013.26,Employed,1
43556.35813,3,23089.26233,Employed,0
57947.06,5,30703.65,Employed,1
38407.62,1,20347.14,Employed,1
51663.84,5,27346.38,Employed,1
43290.17,9,22909.65,Self-Employed,0
39699.22227,2,21004.59784,Employed,0
20087.15226,7,10624.58604,Unemployed,0
41797.12,6,22106.68,Employed,0
68574.25,3,36238.85,Employed,1
49880.41,1,26336.61,Unemployed,0
47906.16,4,25268.98,Employed,1
57574.81,7,30360.88,Employed,1
50155.29,4,26445.18,Employed,1
47196.93,8,24873.05,Employed,1
43438.13,2,22891.84,Self-Employed,1
37762.85,0,19889.08,Employed,1
38666.86403,0,20294.77176,Employed,0
47616.40124,3,24976.97855,Employed,0
52321.40964,5,27436.44923,Self-Employed,0
20026.99,2,10499.37,Employed,1
34401.41,2,18018.04,Employed,0
57967.20561,3,30353.14458,Self-Employed,0
40643.47,3,21263.14,Employed,1
45847.8,6,23981.47,Unemployed,1
41544.13,4,21722.54,Employed,1
52254.53,1,27319.56,Employed,0
42984.48,6,22460.84,Self-Employed,1
38720.46,8,20231.96,Employed,1
44918.11921,2,23465.10906,Employed,0
63044.09,6,32840.96,Employed,0
32900.28984,2,17129.32766,Employed,0
70604.88,6,36748.6,Self-Employed,1
31303.14686,4,16287.89027,Self-Employed,0
55567.19,10,28913.04,Employed,1
53708.9966,0,27927.80016,Employed,0
52915.76,9,27508.73,Employed,1
69582.18,10,36147.79,Employed,1
52255.16577,0,27143.42441,Employed,0
52921.04,6,27469.81,Self-Employed,1
55356.69,4,28723.15,Employed,1
36901.83497,0,19138.81218,Employed,0
44923.20585,2,23294.42095,Employed,0
53898.24,0,27931.76,Employed,0
51563.02,3,26719.45,Employed,1
52715.32,1,27310.01,Unemployed,1
34975.7,2,18117.39,Employed,1
44184.48,4,22887.28,Employed,1
43427.37086,3,22486.91254,Employed,0
42103.30442,2,21783.00702,Employed,0
31484.77,7,16266.32,Employed,1
51012.78,6,26333.27,Employed,1
53650.09,9,27662.43,Self-Employed,1
47455.63269,7,24461.95576,Unemployed,0
60492.73732,2,31175.67974,Unemployed,0
78451.89,3,40420.76,Employed,1
43726.80761,1,22521.34989,Employed,0
44123.63,3,22724.21,Employed,1
52179.66671,4,26830.8793,Self-Employed,0
41903.6,8,21544.94,Employed,1
45403.14718,8,23335.47888,Self-Employed,0
51227.44,5,26324.54,Employed,1
43685.23,0,22435.3,Employed,1
25396.05604,2,13037.53945,Employed,0
55760.98,7,28622.24,Employed,0
34928.05876,2,17924.14166,Employed,0
54290.09436,5,27858.11678,Self-Employed,0
43720.20561,4,22432.02274,Employed,0
52397.85,7,26879.33,Employed,1
58396.86,2,29944.47,Unemployed,0
50446.34,2,25852.99,Employed,1
58802.86,7,30126.37,Employed,1
55117.28,8,28232.8,Employed,1
38693.96,10,19777.21,Employed,1
37872.6,0,19353.11,Employed,1
42604.99,4,21755.36,Employed,1
37944.88,0,19373.52,Employed,0
51298.85,0,26188.86,Employed,1
49722.3,5,25376.3,Employed,1
47493.23,10,24207,Employed,1
26651.27,3,13583.33,Employed,0
36500.82913,0,18581.32316,Employed,0
59483.13704,1,30249.24955,Employed,0
43317.46,3,22004.6,Employed,1
49107.12,7,24936.55,Unemployed,0
20000,1,10154.66,Employed,0
20000,7,10153.45,Unemployed,0
40660.26,6,20618.83,Employed,0
46967.11,0,23796.4,Self-Employed,1
31850.05269,4,16135.85081,Self-Employed,0
55729.03,5,28227.83,Employed,1
45933.15,1,23255.78,Employed,0
54968.95,1,27828.74,Self-Employed,1
27455.45,6,13883.66,Employed,1
59385.01,3,30018.25,Employed,1
63875.72152,2,32277.95319,Employed,0
26661.57,1,13463.21,Employed,1
38648.07,1,19510.35,Unemployed,0
26079.45,8,13163.66,Self-Employed,1
64014.8,8,32299.9,Employed,1
68938.76,8,34780.72,Employed,1
41769.13,2,21070.57,Employed,0
49163.46,4,24793.61,Employed,0
51815.7151,1,26084.16153,Unemployed,0
61193.8,2,30768.48,Employed,0
61732.72194,1,31015.67764,Employed,0
51110.77065,2,25676.97791,Employed,0
48390.47,8,24308.62,Employed,1
72961.26,6,36637.33,Self-Employed,1
44389.8638,2,22288.77785,Employed,0
70888.84321,2,35587.41007,Employed,0
59239.03,4,29731.02,Employed,1
41536.29,9,20844.67,Employed,1
35808.65799,2,17929.00095,Employed,0
29305.73,2,14669.1,Employed,1
54526.88,5,27289.41,Self-Employed,0
50894.46,8,25457.87,Self-Employed,1
46864.65,0,23416.6,Unemployed,0
58534.75,6,29235.09,Employed,1
37586.15,7,18751.13,Employed,1
19729.90805,4,9841.963521,Unemployed,0
46954.32,7,23379.58,Employed,1
61227.44334,2,30468.29965,Employed,0
57977.42271,2,28820.91326,Unemployed,0
30755.12,2,15286.84,Employed,1
41341.07705,2,20545.21031,Employed,0
59361.8,5,29495.95,Employed,1
51234.26,3,25409.09,Employed,1
49014.96344,5,24289.22695,Employed,0
42113.67,7,20866.98,Employed,1
35901.8,9,17784.87,Self-Employed,1
40415.57,6,20016.19,Self-Employed,1
64588.32,1,31954.81,Employed,1
64785.95,2,32025.77,Unemployed,0
53850.06712,5,26588.01685,Self-Employed,0
53198.15567,4,26259.77867,Self-Employed,0
74982.12,4,36994.36,Unemployed,1
52256.28,1,25773.64,Unemployed,0
20103.21052,5,9912.066469,Unemployed,0
61314.37,1,30230.57,Employed,0
44852.12,7,22104.96,Self-Employed,1
46237.39051,3,22778.50233,Employed,0
60045.09,4,29567.03,Employed,1
45462.95,9,22385.55,Employed,1
48759.79,8,24002.36,Self-Employed,1
54217.87,3,26688.4,Self-Employed,1
32314.4,4,15901.99,Employed,1
54865.39,6,26989.2,Employed,1
46319.18,7,22773.58,Employed,1
45789.87,2,22495.48,Employed,0
49587.28,9,24360.06,Employed,1
46878.17,8,23017,Employed,1
69164.97,1,33934.55,Employed,1
39606.42,8,19426.05,Self-Employed,1
31445.74,10,15421.52,Employed,1
56996.45,7,27946,Employed,1
59612.64,2,29189.15,Employed,1
40940.22,1,20042.3,Employed,1
54184.91,3,26523.3,Employed,1
50096.33,2,24506.13,Employed,1
61511.52,10,30071.33,Employed,1
47220.69,3,23073.46,Employed,0
42473.64,2,20728.74,Self-Employed,1
53307.04606,2,26010.17303,Employed,0
45361.81,5,22127.4,Self-Employed,1
25085.59,8,12235.01,Employed,1
58395.86542,7,28447.10223,Employed,0
45452.3,7,22103.03,Unemployed,1
48767.73,10,23702.12,Employed,1
49061.1,8,23842.02,Employed,1
69526.12,3,33784.7,Self-Employed,1
45356.8,7,22032.36,Employed,1
38663.82,1,18759.79,Employed,1
29969.83,7,14539.58,Employed,1
55995.32,8,27157.34,Employed,1
82847.04,8,40152.75,Self-Employed,1
27561.86726,2,13333.29373,Employed,0
51439.03927,3,24883.92277,Employed,0
58482.64,8,28280.59,Self-Employed,1
47403.92,8,22909.47,Self-Employed,1
51640.92,1,24940.64,Employed,1
74630.23,3,36043.39,Employed,1
55987.04,5,27034.28,Employed,1
67378.93,8,32528.43,Self-Employed,1
20391.24572,4,9838.473309,Unemployed,0
63579.88578,2,30668.87358,Employed,0
46522.40161,0,22401.14197,Unemployed,0
67602.11,9,32543.38,Employed,1
54825.47,6,26359.68,Employed,0
33644.01,5,16175.48,Employed,1
46861.67,4,22494.18,Employed,1
63069.46,7,30268.95,Employed,1
37855.95,1,18166.99,Employed,1
49462.61,8,23733.49,Self-Employed,1
42934.43,8,20600.86,Employed,1
54909.56328,6,26342.71604,Employed,0
59444.43,3,28496.12,Unemployed,0
43454.21,9,20827.73,Self-Employed,1
55422.55,6,26558.92,Self-Employed,1
31585.88,6,15115.24,Employed,1
47054.75,0,22513.17,Self-Employed,1
60445.81,8,28891.54,Self-Employed,1
79778.67985,3,38118.61933,Self-Employed,0
51883.65,5,24734.07,Employed,1
46648.01,1,22232.81,Employed,1
54787.62,6,26087.36,Employed,1
65598.57,0,31192.45,Employed,1
51236.6,4,24316.32,Employed,1
57630.88,6,27330.54,Employed,1
50319.07,4,23831.68,Self-Employed,1
67428.17,1,31933.11,Employed,1
51099.77,5,24197.06,Employed,0
50480.06,4,23896.05,Employed,1
62743.39978,10,29690.51153,Employed,0
46913.51692,4,22197.88554,Employed,0
20000,4,9461.65,Unemployed,0
42009.49,1,19857.3,Employed,1
46685.46,4,22063.62,Employed,1
60228.37,8,28458.03,Employed,1
72559.89,1,34244.96,Self-Employed,1
72360.89,7,34141.87,Employed,1
38112.19,10,17974.76,Employed,1
55383.78754,2,26105.58095,Employed,0
54862.5,5,25859.04,Employed,1
37952.32,7,17886.16,Employed,1
52796.81,2,24875.6,Employed,0
37411.85,5,17623.17,Employed,1
52971.27,9,24929.86,Employed,1
57386.77,3,26958.64,Employed,1
78268.79,7,36733.64,Employed,1
48947.51,9,22952.8,Employed,1
52230.01,10,24473.94,Employed,1
41348.43,6,19373.6,Employed,1
52597.71,2,24643.7,Employed,1
42292,2,19777,Self-Employed,1
63812.62925,2,29837.97628,Employed,0
55366.81,8,25861.66,Unemployed,1
56629.11,4,26445.95,Employed,1
63086.86,4,29452.12,Self-Employed,1
35932.62,4,16743.89,Employed,1
44727.3,0,20841.68,Employed,1
38862.94,7,18097.59,Self-Employed,1
50294.95459,6,23382.21015,Employed,0
45127.53,3,20978.13,Employed,1
58301.05972,3,27090.28748,Unemployed,0
59707.94,8,27717.96,Employed,1
37242.19,4,17286.85,Employed,1
53723.31,5,24915.06,Employed,1
58082.62124,6,26931.7094,Employed,0
39284.73,0,18184.97,Employed,1
68415.03,8,31663.71,Employed,1
46118.06,4,21341.66,Employed,1
58049.79,2,26832.23,Employed,1
66861.69,8,30877.1,Employed,1
43109.59,2,19907.11,Employed,1
46681.2,4,21553.25,Unemployed,0
33127.10923,3,15292.4442,Unemployed,0
35277.37,6,16281.42,Employed,1
52750.4,3,24345.03,Self-Employed,1
54028.88,8,24877.75,Self-Employed,1
67859.69,5,31223.74,Employed,1
71803.01,3,33035.08,Employed,1
65804.63,10,30251.09,Employed,0
47302.83711,4,21738.4842,Unemployed,0
59060.06652,3,27113.54607,Unemployed,0
56025.68,0,25705.07,Employed,1
57021.3622,5,26141.04047,Self-Employed,0
66630.55,6,30538.92,Self-Employed,1
60763.13,2,27835.9,Employed,1
54632.5,5,24990.96,Employed,1
50835.87,7,23244.59,Employed,1
66793.62,6,30539.86,Employed,1
38142.88,8,17436.59,Employed,1
48173.79,3,22016.53,Employed,0
71623.53,10,32718.92,Employed,1
55196.72,8,25212.8,Employed,1
60417.68939,5,27592.38492,Employed,0
34762.67,3,15853.73,Unemployed,0
60625.35,6,27638.6,Employed,1
57120.47,6,26037.91,Employed,1
59118.45,2,26904.73,Employed,1
64297.05,1,29259.75,Employed,1
41695.26,9,18956.57,Self-Employed,1
55126.34,7,25062.41,Employed,1
57046.42605,5,25931.32374,Self-Employed,0
72846.86,1,33111.67,Employed,1
46782.64272,4,21251.34664,Unemployed,0
33586.90748,1,15238.74319,Employed,0
55498.97,1,25169.47,Self-Employed,1
35010.47,6,15875.21,Unemployed,1
53356.82,6,24176.81,Employed,1
68257.38,6,30921.07,Employed,1
46613.36,9,21113.73,Employed,1
28034.38,3,12670.31,Employed,1
51441.81,2,23243.4,Employed,1
56432.25,7,25496.83,Employed,1
44525.71,10,20087.84,Employed,1
51490.67451,2,23224.91647,Unemployed,0
46116.43,8,20789.64,Employed,1
69346.29,4,31218.62,Self-Employed,0
49475.17,2,22270.34,Employed,1
49770.35,6,22402.06,Employed,1
42681.33,1,19189.54,Employed,1
43350.77,7,19484.77,Employed,1
49059.81,3,22047.59,Employed,1
57435.23,5,25779.79,Employed,1
60415.42659,6,27103.31396,Employed,0
40193.5,5,18023.8,Employed,1
80079.22171,3,35893.68964,Self-Employed,0
49311.25736,3,22102.43078,Employed,0
81128.91,3,36350.66,Self-Employed,0
64740.36,1,29005.33,Self-Employed,1
69003.67,5,30908.62,Employed,1
72130.34,0,32302.22,Employed,1
33774.29498,3,15124.99761,Unemployed,0
68836.34,7,30800.56,Self-Employed,1
75035.32,8,33555.73,Employed,1
60290.77,0,26961.68,Self-Employed,1
56328.81,4,25179.95,Self-Employed,1
59506.65,6,26594.51,Employed,0
53480.75,7,23883.12,Employed,1
40813.44,6,18224.04,Employed,1
33064.22,2,14762.69,Self-Employed,1
54680.77166,9,24408.30925,Self-Employed,0
49508.7,2,22095.34,Employed,1
77390.15,7,34527.56,Employed,1
42447.87,1,18936.63,Self-Employed,0
51073.49,5,22783.49,Employed,1
37158.74,7,16571.21,Unemployed,1
45399.59428,6,20237.55892,Employed,0
31086.74,10,13856.77,Employed,1
61218.65,9,27285.19,Employed,1
39940.7,4,17781.12,Unemployed,1
40659.51,0,18037.19,Employed,1
52948.32,3,23485.95,Employed,1
54283.31,9,24066.22,Employed,1
52618.67,4,23326.08,Employed,1
73609.8,9,32615.19,Employed,1
34162.02977,1,15121.60217,Employed,0
41637.62,7,18416.95,Self-Employed,1
59678.23,5,26386.77,Employed,1
51050.78,5,22561.71,Employed,1
34023.3,1,15034.68,Employed,0
51580.63,8,22790.84,Employed,1
42707.1173,1,18844.4754,Self-Employed,0
47039.92,6,20755.76,Employed,0
78142.56,2,34473.06,Employed,1
47144.92,7,20798.01,Employed,1
65938.15118,10,29079.06016,Employed,0
35673.16,1,15711.52,Self-Employed,1
59399.52998,5,26157.75411,Employed,0
49090.09,6,21616.99,Employed,1
79806.95239,3,35132.42681,Self-Employed,0
35700.07,4,15713.45,Employed,1
40346.75,4,17751.47,Employed,1
68018.21,7,29901.66,Employed,1
54185.32,6,23794.05,Unemployed,1
46287.22,8,20324.07,Unemployed,1
43511.63,4,19051.76,Employed,1
52985.9,3,23195.25,Employed,1
51500.35931,0,22486.33674,Self-Employed,0
34878.71,9,15225.89,Self-Employed,1
50391.37,9,21994.24,Employed,1
68691.28,7,29976.32,Self-Employed,1
45568.98,10,19866.95,Employed,1
65982.21,3,28761.69,Self-Employed,1
58081.34,7,25310.26,Self-Employed,1
53008.54,3,23098.95,Employed,1
35256.62452,3,15359.63589,Unemployed,0
57790.2,3,25152.94,Employed,1
54663.61,4,23791.53,Employed,1
78641.25,3,34205.04,Employed,1
45780.09,1,19891.33,Employed,1
55411.37906,9,24064.45288,Self-Employed,0
60498.19906,6,26267.30246,Employed,0
38325.43,5,16634.47,Unemployed,1
64111.57,5,27826.3,Employed,1
34194.76,6,14822.43,Self-Employed,1
62801.23,1,27219.03,Unemployed,1
42918.64,2,18582.42,Employed,1
20825.79804,4,9011.966076,Unemployed,0
42593.65,9,18422.53,Employed,1
66898.48,4,28920.68,Employed,1
50528.95,1,21812.51,Self-Employed,0
55530.1,6,23954.21,Self-Employed,1
50208.94,7,21642.95,Employed,1
46292.34,2,19940.45,Employed,1
50620.09328,3,21798.34349,Employed,0
52786.57141,4,22728.48023,Unemployed,0
73212.58,4,31496.72,Unemployed,1
64389.06,7,27688.4,Employed,1
64327.13,9,27658.78,Employed,1
74230.64,9,31910.86,Employed,1
53816.31,8,23116.53,Employed,1
52799.14,7,22656.17,Employed,1
50873.13,6,21810.63,Employed,1
56353.99,6,24158.37,Self-Employed,1
37404.17,8,16028.05,Employed,1
57337.81,10,24566.88,Employed,1
39621.38,2,16966.5,Employed,1
57764.89,4,24730.38,Employed,1
69565.1,7,29760.41,Employed,1
35526.15,4,15191.66,Employed,1
43302.28,10,18496.8,Self-Employed,1
54330.4,10,23199.65,Self-Employed,1
41362.73,4,17629.88,Employed,1
53246.88,2,22692.95,Unemployed,0
65015.69,2,27708.02,Employed,1
55252.54928,2,23521.90475,Unemployed,0
50424.78,3,21458.36,Employed,1
28462.07,4,12106.61,Self-Employed,1
61077,2,25964.41,Employed,1
20000,2,8488.46,Employed,1
69073.33,4,29294.1,Employed,1
59191.61,0,25101.57,Employed,1
51131.5,3,21675.7,Unemployed,1
65008.73,3,27556.66,Self-Employed,1
38046.57,8,16117.57,Unemployed,1
37596.79,4,15925.4,Employed,1
49753.66,6,21074.44,Employed,1
54523.21,7,23076.13,Employed,1
68097.63,8,28811.47,Self-Employed,1
55511.10561,2,23481.59407,Unemployed,0
63051.02,5,26662.7,Employed,1
60784.3,8,25667.72,Employed,1
56607.04829,10,23898.63408,Self-Employed,0
57619.87,3,24322.17,Employed,1
59784.84,5,25232.23,Employed,1
67393.86469,1,28422.48463,Employed,0
31613.52,4,13328.11,Employed,1
48185.78,7,20313.96,Employed,1
53588.7,10,22587.7,Employed,1
48355.85,8,20367.83,Employed,1
55658.18,8,23440.54,Self-Employed,1
39223.34,5,16505.61,Employed,1
46602.74,3,19601.06,Employed,1
43770.68,8,18393.69,Employed,1
54668.75,4,22972.44,Self-Employed,1
57859.02909,2,24312.92365,Employed,0
44416.9,6,18658.2,Unemployed,1
53915.83,4,22647.75,Unemployed,0
52255.91,5,21915.77,Employed,1
51047.03,7,21398.87,Employed,1
64212.9,4,26916.19,Employed,1
51004.86,6,21373.52,Employed,1
47629.88,1,19944.4,Employed,1
47076.38,5,19707.84,Self-Employed,1
64944,2,27184.17,Employed,1
62068.88808,6,25978.96482,Employed,0
59753.02,1,25008.32,Employed,1
84408.934,3,35276.19368,Self-Employed,0
55604.95337,2,23210.77546,Unemployed,0
58206.46,2,24293.41,Employed,1
56663.95,10,23639.71,Self-Employed,0
40915.77,6,17055.44,Employed,1
38106.91,6,15849,Unemployed,1
53125.74,7,22094.7,Employed,1
41970.08,4,17427,Employed,1
63774.75,2,26455.88,Employed,1
54006.9,5,22396.28,Employed,1
67006.55,9,27751.15,Employed,1
46337.65,8,19190.83,Employed,1
66087.61,4,27335.48,Employed,1
53209.7,3,21948.42,Employed,0
54010.88,10,22274.96,Unemployed,1
53370.27,1,22008.45,Employed,1
33784.15,6,13925.28,Employed,1
52881.06721,3,21785.91018,Employed,0
20000,9,8238.27,Employed,1
61874.94,5,25483.2,Employed,1
58546.51,10,24105.5,Self-Employed,1
37689.77,5,15517.75,Unemployed,1
35298.56414,1,14531.94262,Employed,0
65454.25,1,26927.69,Employed,1
40228.73,5,16548.35,Self-Employed,1
54150.36,8,22257.62,Employed,1
44223.77,1,18174.31,Employed,1
67815.19,9,27833.59,Employed,1
40433.9,8,16594.01,Employed,1
48919.85,3,20071.78,Employed,1
28047.28,6,11494.65,Self-Employed,1
43837.79,0,17965.39,Self-Employed,1
39044.5,5,16001.01,Employed,1
53115.32,7,21761.9,Employed,1
61384.54,5,25136.14,Self-Employed,1
57716.58,9,23606.48,Self-Employed,1
36096.04,5,14753.38,Self-Employed,1
49719.37,9,20314.92,Self-Employed,1
35030.64479,1,14302.97121,Employed,0
39270.44,0,16023.2,Employed,1
40599.24,3,16559.36,Self-Employed,1
64458.19,8,26276.06,Self-Employed,1
51699.06,3,21071.7,Employed,1
33098.49,1,13483.25,Employed,1
62711.33,9,25535.7,Employed,1
60710.01,10,24715.42,Employed,1
52769.51,6,21450.64,Employed,1
43878.87,1,17828.69,Self-Employed,1
40301.41,3,16368.83,Employed,1
47834.59,8,19424.82,Self-Employed,1
52880.74,5,21469.35,Employed,1
69937.29,1,28393.49,Employed,0
54266.00957,3,22024.64159,Unemployed,0
53483.81,10,21680.6,Unemployed,1
44545.82,5,18030.78,Self-Employed,1
37142.64,5,15024.29,Employed,1
59580.95,2,24096.36,Employed,0
73131.65,5,29562.95,Self-Employed,1
47785.96,2,19303.67,Employed,1
29602.16,9,11948.28,Employed,1
60168.13,6,24278.14,Employed,1
53670.11293,2,21627.31798,Unemployed,0
66288.43,4,26709.11,Employed,1
52759.61967,7,21211.39393,Employed,0
38654.74,8,15540.56,Employed,1
22688.59821,0,9107.048481,Self-Employed,0
33948.73,9,13624.12,Employed,1
57518.13663,2,23079.39493,Employed,0
34584.87,1,13870.17,Employed,1
44407.5,4,17803.31,Employed,1
53699.09107,2,21504.51383,Employed,0
27152.2,7,10871.89,Employed,1
50276.28,3,20128.29,Employed,1
35379.77,0,14140.72,Employed,1
64256.36,8,25681.03,Employed,1
66211.71,2,26460.06,Self-Employed,1
23017.36849,0,9197.082008,Self-Employed,0
57560.7,8,22996.48,Employed,1
61362.62,3,24486.36,Employed,1
44440.79,3,17706.18,Unemployed,1
41065.08,3,16347.59,Unemployed,0
58739.83551,2,23371.39748,Employed,0
46481.19,5,18482.86,Employed,1
31556.76,6,12540.58,Employed,1
54211.45595,2,21538.74799,Employed,0
47447.23,8,18848.9,Employed,1
56759.38959,10,22543.2745,Self-Employed,0
57609.11,9,22858.03,Self-Employed,1
22926.56309,0,9083.475284,Self-Employed,0
86051.23,6,34069.35,Employed,1
62577.36,0,24753.66,Employed,1
62786.5,2,24809.08,Self-Employed,1
67835.25,1,26802.3,Employed,1
51830.15,5,20474.93,Employed,1
48653.96,10,19206.12,Unemployed,1
46381.14,5,18308.77,Self-Employed,1
47114.59,2,18596.25,Employed,1
58139.56873,3,22941.30352,Unemployed,0
60624.56,5,23911.28,Employed,1
33449.5,9,13186.2,Employed,1
81111.24,2,31955.31,Employed,1
54834.10352,2,21575.17725,Unemployed,0
78217.36,4,30743.33,Self-Employed,1
51292.16,3,20156.98,Self-Employed,1
76965.3,9,30215.15,Employed,1
64074.26,3,25148.84,Employed,1
30432.96,6,11906.19,Employed,1
57854.15021,3,22627.38551,Unemployed,0
33615.31,4,13129.86,Self-Employed,1
61354.83,8,23957.99,Employed,1
39384.96,10,15370.6,Employed,0
72943.25,7,28447.74,Unemployed,1
55424.54,4,21604.9,Employed,1
61148.96,0,23834.35,Employed,1
58149.47,9,22642.68,Employed,1
61131.91,8,23754.56,Employed,1
65662.41,10,25442.2,Employed,1
66759.44,0,25843.14,Self-Employed,1
37974.21002,10,14683.68659,Employed,0
87394.99,7,33739.14,Employed,1
55902.28,5,21580.89,Unemployed,1
38723.13,4,14940.34,Employed,1
50683.58,1,19551.07,Employed,1
61359.18755,2,23668.35242,Employed,0
50654.04,4,19537.39,Employed,1
81131.01,6,31277.8,Employed,1
43090.42,1,16608.78,Employed,1
20000,2,7708.16,Employed,1
64254.61,9,24755.88,Employed,1
27272.13,3,10490.89,Self-Employed,1
61839.19173,2,23779.45682,Employed,0
44428.39,2,17082.41,Employed,1
54931.44,4,21117.99,Employed,1
34111.8,3,13111.14,Employed,1
56120.24644,2,21539.09015,Employed,0
55628.90735,2,21337.35945,Employed,0
51628.4,6,19799.01,Employed,1
57706.79,3,22120.93,Unemployed,0
46833.05,1,17947.16,Employed,1
56650.28706,2,21693.11237,Employed,0
43201.58,6,16540.81,Unemployed,1
59486.12,6,22766.01,Employed,1
55510.48,2,21234.8,Employed,0
52698.41,2,20151.83,Employed,1
67805.45,5,25925.3,Employed,1
56444.27,6,21571.28,Employed,1
57107.49,8,21784.77,Employed,1
38794.15102,10,14797.69767,Employed,0
58824.76,9,22430.05,Employed,1
45575.75,5,17372.53,Self-Employed,1
40126.272,10,15280.32038,Employed,0
37040.14,10,14101.05,Unemployed,1
60616.28,8,23074.04,Employed,1
36208.64,0,13779.65,Employed,1
55937.05,7,21286.17,Employed,1
41616.17,8,15825.7,Employed,1
40798.96,9,15514.57,Employed,1
58444.54,5,22215.58,Self-Employed,1
57742.67,6,21933.79,Self-Employed,1
66331.23,6,25193.59,Employed,1
72390.33,10,27466.11,Employed,1
23856.12213,0,9049.945317,Self-Employed,0
66200.72,5,25042.88,Employed,1
67539.43,5,25533.89,Employed,1
24461.25,2,9233.21,Employed,1
43697.2,8,16491.51,Employed,1
22723.13559,0,8573.400794,Self-Employed,0
39092.94,8,14743.69,Employed,1
61806.27,3,23291.07,Self-Employed,1
41380.00628,1,15585.65945,Unemployed,0
57297.52,2,21579.74,Unemployed,0
46860.14,3,17642.89,Self-Employed,1
58927.36,4,22185.34,Employed,1
35759.02,6,13461.02,Employed,1
62197.34128,2,23377.67168,Employed,0
23772.02,0,8918.88,Self-Employed,0
59815.48,8,22436.57,Employed,1
59310.08,5,22232.71,Employed,1
54617.03,6,20443.59,Employed,0
52937.68,3,19801.26,Unemployed,1
35968.42,2,13433.11,Self-Employed,1
47477.84,1,17728.94,Employed,1
62546.97063,2,23353.00014,Employed,0
58648.35,1,21893.28,Employed,1
41009.37,9,15287.36,Self-Employed,1
63559.02,1,23675.1,Self-Employed,0
41432.32,1,15403.43,Unemployed,0
40010.79533,1,14870.19218,Unemployed,0
76583.77,0,28438.4,Employed,1
38012.12,0,14087.15,Employed,1
57950.10096,2,21443.20184,Employed,0
59230.51,10,21884.76,Employed,1
65706.47,8,24253.21,Unemployed,1
49603.91,5,18301.48,Employed,1
65743.29,3,24217.8,Employed,1
63176.36972,1,23262.42156,Self-Employed,0
50727.82,6,18678.31,Employed,1
57071.23,8,20998.87,Employed,1
68125.49,4,25050.21,Employed,1
48570.57,6,17859.32,Employed,1
60122.14538,6,22102.70869,Employed,0
47467.67,8,17450.53,Employed,1
43558.92,9,16001.22,Employed,1
51469.75,4,18899.95,Employed,1
61913.97,1,22730.11,Employed,1
63084.81,4,23111.1,Employed,1
32056.9,0,11743.46,Employed,1
45622.83,10,16692.25,Employed,1
61330.87,6,22431.23,Unemployed,1
48265.28,8,17640.3,Employed,1
43335.6,9,15833.75,Self-Employed,1
42035.14957,1,15350.28346,Unemployed,0
52911.35,7,19304.68,Employed,1
41113.04,6,14998.02,Employed,1
39424.82,4,14381.58,Self-Employed,1
48052.69,7,17522.48,Employed,1
50732.9,3,18498.83,Employed,1
63425.57,6,23114.91,Employed,1
38210.16,8,13919.94,Employed,1
61270.81,10,22318.42,Employed,1
81832.34,8,29788.9,Unemployed,1
49590.43,10,18043.01,Unemployed,1
51834.46,9,18853.59,Unemployed,1
48883.31,9,17772.79,Self-Employed,1
35318.54,4,12839.57,Self-Employed,1
59570.77,4,21654.04,Unemployed,1
71800.77,7,26089.05,Employed,1
35666.89,6,12952.72,Employed,1
41672.01,5,15122.95,Employed,1
81325.62,8,29513.06,Self-Employed,1
53657.01,4,19468.93,Self-Employed,1
64541.86,3,23418.25,Employed,1
57944.68779,2,21001.00691,Unemployed,0
24210.53799,0,8762.659053,Self-Employed,0
51376.41,1,18578.53,Self-Employed,1
48925.98,3,17686.99,Employed,1
59770.87,0,21594.63,Employed,1
67098.18,5,24238.89,Employed,1
49316.21,9,17811.34,Employed,1
55920.07,3,20194.58,Employed,1
67142.34,1,24240.67,Employed,1
75048.57,6,27093.53,Employed,1
59158.79,7,21353.38,Employed,1
66180.21,10,23863.83,Self-Employed,1
33555.87,4,12091.18,Employed,1
48524.91,9,17472.37,Employed,1
59931.96,0,21577.61,Unemployed,1
65856.83,8,23700.61,Self-Employed,1
47938.27,8,17251.98,Employed,1
57031.61,9,20502.28,Employed,1
76243.65,3,27391.8,Employed,1
33936.61,8,12179.97,Employed,1
58121.94,4,20828.33,Employed,1
32095.45,1,11493.87,Employed,1
78230.37,7,27978.44,Employed,1
67239.1,7,24042.13,Self-Employed,1
69165.15,4,24726.3,Self-Employed,1
57842.53,8,20678.39,Self-Employed,1
53361.39,2,19070.56,Self-Employed,1
51012.92,4,18209.07,Self-Employed,1
54346.62,6,19395.96,Employed,1
56478.84,6,20156.82,Self-Employed,1
44982.48,3,16024.42,Employed,1
52048.03,9,18527.95,Employed,1
50153.5,2,17843.9,Employed,1
75987.72,4,27031.43,Employed,1
54611.1,1,19420.92,Employed,1
55717.38,3,19779.65,Employed,1
72440.66,1,25711.79,Employed,1
65238.74464,1,23150.69929,Self-Employed,0
47405.81,7,16812.52,Unemployed,1
61999.13,2,21983.94,Employed,1
45567.8,8,16155.43,Unemployed,1
64765.06387,1,22932.3165,Self-Employed,0
42892.41,4,15176.86,Employed,1
46211.48,7,16344.94,Employed,1
52556.24,6,18567.41,Unemployed,1
51494.77,4,18185.51,Employed,1
57015.4,7,20130.43,Employed,1
77699.55,9,27424.59,Employed,1
67516.73,1,23813.1,Employed,1
73249.02,4,25827.38,Employed,1
71183.31,7,25061.58,Employed,1
67825.9,6,23873.71,Employed,1
54306.86,1,19089.24,Employed,1
78498.23,7,27588.24,Employed,1
56360.92,3,19802.06,Employed,1
60115.03063,5,21120.50738,Employed,0
55899.77,1,19636.69,Self-Employed,1
47864.31,7,16797.02,Employed,1
50188.89,7,17604.98,Unemployed,1
54403.37,3,19080.43,Employed,1
34807.53,4,12201.47,Employed,1
74599.47,8,26137.71,Employed,1
48194.28,4,16873.32,Employed,1
55355.23,9,19359.22,Unemployed,1
53051.95,4,18550.95,Employed,1
51489.98,0,17996.47,Employed,1
54005.75,9,18847.76,Employed,1
41538.82,1,14490.18,Employed,1
60434.35146,3,21060.72883,Unemployed,0
45094.70547,6,15713.71727,Self-Employed,0
47794.14,1,16636.13,Employed,1
42835.14,1,14907.87,Employed,1
55659.51,7,19368.77,Employed,1
51961.11,0,18046.1,Unemployed,1
77186.73,0,26802.2,Employed,1
64350.53,8,22328.68,Employed,1
43560.47,0,15111.14,Employed,1
47989.74,4,16647.56,Employed,1
40306.59,2,13980.56,Employed,1
24487.65367,0,8488.1883,Self-Employed,0
39113.84,5,13544.28,Self-Employed,0
60088.61,2,20795.74,Employed,1
52727.99,9,18246.22,Self-Employed,1
65831.58392,1,22755.86663,Self-Employed,0
62187.89,3,21493.63,Unemployed,1
59861.33105,2,20652.82032,Unemployed,0
62192.93,8,21430.49,Employed,1
55140.88,9,18995.24,Employed,1
59462.18,1,20460.79,Employed,1
56407.92,1,19399.62,Self-Employed,1
63869.51,6,21962.41,Self-Employed,1
75904.46,7,26095.26,Employed,1
49444.45,10,16963.74,Employed,1
67948.57,0,23268.55,Employed,1
59342.75,5,20284.58,Employed,1
56851.3,6,19426.09,Employed,1
74183.31,1,25343.65,Employed,1
53611.3,6,18296.14,Employed,1
66245.77,4,22571.99,Self-Employed,1
43065.87,4,14672.75,Employed,1
64573.56,2,21986.8,Unemployed,1
36089.7,6,12282.59,Self-Employed,1
54979.7,7,18709.66,Employed,1
55154.27,3,18762.67,Self-Employed,1
57399.77,2,19526.29,Self-Employed,1
63246.65,5,21494.56,Unemployed,1
62162.12,6,21108.86,Employed,0
47838.69,4,16243.66,Employed,1
43116.74,2,14606.95,Employed,1
68281.43,2,23052.43,Employed,1
62330.9,0,21034.38,Employed,1
55474.42,0,18713.41,Employed,1
54931.27,7,18497.57,Employed,1
54609.49,4,18378.76,Employed,1
70343.6,7,23641.4,Self-Employed,1
49185.58,5,16526.98,Employed,1
60623.22,2,20339.03,Employed,1
46139.35,7,15463.64,Employed,1
59202.77,2,19833.9,Self-Employed,1
51878.37,4,17343.95,Employed,1
55610.85,9,18583.51,Employed,1
60517.59,4,20193.44,Employed,1
50315.06,6,16779.72,Employed,1
44943.71,2,14987.66,Employed,1
61279,7,20394.47,Employed,1
39756.26939,6,13211.28903,Self-Employed,0
49561.06,6,16463.14,Self-Employed,1
80153.07,7,26620.52,Self-Employed,1
57699.01,8,19162.82,Self-Employed,1
62502.93,6,20756.95,Self-Employed,1
59175.14,1,19649.92,Employed,1
31687.35,5,10521.07,Self-Employed,1
24605.65,4,8169.44,Self-Employed,1
58334.07,1,19364.26,Employed,1
58656.08,2,19440.8,Employed,1
67691.6,3,22428.82,Employed,1
63066.87,6,20861.11,Employed,1
61023.17,5,20145.09,Self-Employed,1
75146.56,2,24798.27,Employed,1
35024.69,9,11556.76,Employed,1
52968.66,4,17463.24,Employed,1
63452.59,6,20910.94,Unemployed,1
27429.19,3,9037.8,Unemployed,1
60473.35,6,19918.87,Employed,1
51111.42,8,16817.62,Self-Employed,1
70503.11,4,23185.21,Employed,1
63988.86,10,21007.91,Employed,1
73979.71,10,24283.42,Employed,1
30031.51,4,9855.2,Self-Employed,1
61406.22,8,20141.49,Employed,1
73661.8,2,24129.99,Employed,1
77572.76,3,25402.88,Employed,1
59425.18,2,19405.85,Employed,1
56657.29,8,18500.59,Employed,1
67842.06,7,22106.01,Employed,1
45363.25,5,14778.68,Self-Employed,1
55509.31,4,18062.95,Employed,1
63731.03,7,20731.97,Employed,1
47985.37,4,15581.51,Employed,1
64764.84,2,21024.85,Self-Employed,1
62753.33,9,20355.66,Employed,1
46790.17,6,15171.72,Self-Employed,0
28425.83,1,9214.87,Self-Employed,1
49624.6,4,16081.23,Self-Employed,1
77700.61,4,25140.63,Unemployed,1
49686.48,2,16069.47,Self-Employed,1
58694.5,4,18980.05,Employed,1
51137.07,3,16535.73,Employed,1
62407.75,5,20176.13,Employed,1
38450.4,7,12412.35,Employed,1
57617.54,0,18584.7,Employed,1
68006.21,7,21925.97,Employed,1
51392.67,5,16548.53,Employed,1
31995.55,6,10298.76,Unemployed,1
59680.64,8,19209.33,Employed,1
67810.79,0,21799.14,Employed,1
80937.87,1,26002.13,Employed,1
71041.91,6,22810.09,Employed,1
74233.74,8,23817.34,Employed,1
73257.51,0,23503.7,Unemployed,1
73482.86,10,23483.42,Employed,1
88843.45,3,28378.31,Employed,1
49714.76,0,15877.79,Employed,1
74918.89,7,23926.34,Employed,1
65360.94,3,20845.18,Self-Employed,1
60664.4,2,19318.77,Employed,1
46021.68397,5,14646.5163,Self-Employed,0
56548.4,3,17993.61,Employed,1
53534.22,7,17026.24,Employed,1
57725.53,9,18356.65,Employed,1
60443.1,9,19217.69,Employed,1
54847.52,7,17423.8,Unemployed,1
50964.2,6,16171.83,Employed,1
38981.13,7,12338.79,Self-Employed,1
57816.84,2,18273.71,Self-Employed,1
39897.64,5,12609.71,Employed,1
43981.69,10,13886.15,Employed,1
48113.2,2,15182.34,Unemployed,1
46309.06,1,14604.09,Employed,1
54903.91,3,17313.54,Employed,1
42240.67,2,13316.55,Employed,1
73469.65,9,23123.78,Employed,1
61400.84,1,19321.29,Employed,1
48516.66,4,15258.22,Self-Employed,1
54840.78,10,17200.07,Employed,1
60694.98,1,18987.19,Employed,1
52843.72,1,16528.14,Employed,1
49145.82,6,15354.19,Self-Employed,1
56715.63,5,17689.31,Employed,1
33117.66,0,10302.56,Self-Employed,1
41732.21,2,12942.27,Employed,1
59323.58,6,18395.81,Employed,1
32735.1,2,10141.96,Employed,1
57410.45,1,17743.44,Employed,1
46734.78,0,14438.81,Employed,1
49135.72,4,15158.82,Employed,1
55635.47,6,17158.45,Unemployed,1
60825.08,1,18678.63,Employed,0
46685.54,3,14336.05,Employed,1
52201.9,2,16026.77,Unemployed,1
73693.58,8,22620.67,Employed,1
56785.58,9,17430.55,Self-Employed,1
30793.56,3,9449.11,Self-Employed,1
48031.15,2,14734.68,Employed,1
67226.69,1,20623.31,Employed,1
45966.67,6,14101.08,Employed,1
77014.11,9,23601.64,Employed,1
58083.65,4,17756.81,Employed,1
79083.93,5,24158.27,Employed,1
58138.4,3,17725.24,Employed,1
48278.95,10,14717.03,Employed,1
67231.49,6,20455.64,Employed,1
61727.34,5,18779.43,Employed,1
83469.5,6,25332.07,Unemployed,1
50511.25,0,15315.04,Self-Employed,1
48228.97,1,14614.26,Employed,1
52562.98,7,15906.92,Employed,1
77784.17,7,23514.8,Employed,1
78099.47,4,23603.93,Employed,1
46395.12,4,14015.62,Employed,1
47375.6,4,14305.5,Employed,1
37093.8,7,11192.46,Employed,1
60097.72,4,18133.21,Employed,1
48433.26,4,14612.39,Employed,1
56381.86,4,17008.18,Employed,1
41806.33,8,12602.29,Employed,1
56074.73,6,16896.92,Employed,1
46106.13,3,13891.42,Employed,1
59724.21,8,17951.23,Self-Employed,1
56060.76,1,16849.13,Employed,1
74586.75,8,22412.4,Employed,1
57155.61,2,17167.82,Self-Employed,1
57696.59,8,17275.9,Employed,1
56607.12,1,16943.89,Employed,1
57704,2,17262.71,Employed,1
37514.67,8,11217.37,Employed,1
56544.86,10,16903.5,Employed,1
41438.81,3,12386.45,Employed,1
56803.01,1,16964.36,Employed,1
76938.17,1,22965.77,Employed,1
65759.82,2,19612.57,Employed,1
49479.32,6,14754.33,Unemployed,1
43014.05,5,12808.91,Self-Employed,1
23078.16941,5,6868.001845,Employed,0
42428.38,8,12613.03,Self-Employed,1
57513.76,7,17057.57,Employed,1
53165.26,4,15764.01,Employed,1
58272.28,0,17251.55,Employed,1
49397.63,1,14623.54,Employed,1
55420.93,8,16399.61,Employed,1
38791.82,6,11477.75,Employed,1
26354.12,6,7796.79,Employed,1
46264.46,3,13671.2,Self-Employed,1
67447.46,9,19929.55,Self-Employed,1
64970.15,6,19172.85,Employed,1
48521.18,4,14296.86,Employed,1
39978.64,7,11779.24,Employed,1
63703.77,3,18757.14,Employed,1
43399.33,5,12760.1,Unemployed,1
48497.69,3,14258.99,Employed,1
22456.92,5,6599.28,Employed,0
69723.72,6,20340.3,Employed,1
50849.75,7,14817.47,Employed,1
51017.83,6,14860.99,Employed,1
41565.69,1,12091.01,Employed,1
67590.94,2,19654.49,Employed,1
57668.04,8,16705.11,Employed,1
97896.61,4,28272.36,Employed,1
47256.55,7,13645.9,Employed,1
51152.78,2,14764.24,Unemployed,1
62907.1,8,18140.76,Employed,1
73422.67,6,21158.25,Self-Employed,1
20000,10,5763.17,Employed,1
49441.67,2,14235.8,Employed,1
49284.33,8,14155.45,Employed,1
49503.1,8,14199.84,Employed,1
53895.84,10,15452.05,Employed,1
72162.95,0,20680.72,Employed,1
33635.5,4,9636.91,Employed,1
62120.87,6,17794.62,Self-Employed,1
65477.67,7,18748.26,Employed,1
48410.77,5,13854.61,Self-Employed,1
63788.43,2,18247.05,Self-Employed,1
71767.15,3,20493.08,Employed,1
37124.63,4,10596.01,Self-Employed,1
80200.81,8,22867.74,Employed,1
61562.98,6,17536.17,Employed,1
61575.48,9,17513.84,Employed,1
67371.66,8,19125.65,Employed,1
53043.85,2,15050.35,Unemployed,1
44125.27,6,12508.28,Employed,1
41563,8,11753.88,Employed,1
71984.73,8,20340.27,Self-Employed,1
68196.47,8,19241.29,Employed,1
57829.12,7,16294.17,Employed,1
68985.62,10,19429.59,Employed,1
66481.65,2,18699.4,Employed,1
54892,7,15423.67,Unemployed,1
62535.38,6,17569.39,Unemployed,1
51152.33,7,14344.24,Unemployed,1
53575.53,9,15020.38,Employed,1
75425.77,5,21141.01,Employed,1
50431.17,5,14106.68,Employed,1
74501.47,7,20812.78,Employed,1
70935.26,7,19787.55,Employed,1
58367.15,6,16267.32,Unemployed,1
76321.91,1,21262.68,Employed,1
47410.59,6,13207.69,Unemployed,1
56669.04,9,15761.1,Employed,1
67785.56,0,18851.98,Self-Employed,1
70732.38,2,19660.75,Employed,1
45109.65,2,12530.77,Employed,1
70623.15,8,19587.07,Employed,1
75165.51,8,20845.05,Employed,1
73897.8,2,20454.91,Employed,1
70635.6,0,19501.2,Employed,1
52496.78,9,14469.1,Employed,1
59287.31,9,16310.61,Employed,1
55197.33,4,15170.9,Unemployed,1
30806.35,2,8463.08,Employed,1
66286.79,0,18207.49,Employed,1
44497.63,3,12209.81,Employed,1
67471.09,7,18493.86,Employed,1
54861.26,3,15030.68,Employed,1
23280.93463,5,6378.129603,Employed,0
80862.43,7,22138.09,Employed,1
48071.94,1,13139.5,Employed,1
49602.18,4,13556.6,Employed,1
43048.73,1,11760.65,Employed,1
74205.67,8,20262.05,Self-Employed,1
71140.21,7,19389.24,Employed,1
52200.71,7,14220.79,Self-Employed,1
58411.77,6,15875.86,Self-Employed,1
48883.5,8,13275.14,Employed,1
63427.9,1,17224.56,Employed,1
66622.74,8,18091.28,Employed,1
51994.55,0,14108.88,Self-Employed,1
68541.4,8,18584.74,Employed,1
75913.15,8,20558.64,Unemployed,1
39498.19,8,10644.04,Employed,1
66606.21,4,17913.32,Employed,1
64626.8,2,17373.4,Employed,1
67925.7,6,18220.82,Employed,1
63224.6,10,16943.81,Self-Employed,1
77811.39,10,20810.83,Employed,1
34637.2,1,9263.11,Employed,1
65807.03,7,17593.35,Employed,1
23086.06621,4,6168.775144,Unemployed,0
51725.39,2,13802.28,Employed,1
52526.91,1,14001.78,Employed,1
62845.98,1,16733.04,Employed,1
37346.15026,1,9940.971917,Self-Employed,0
49406.67,5,13137.21,Employed,1
55916.78,7,14852.17,Employed,1
39963.91,10,10605.37,Unemployed,1
58343.45,0,15465.86,Employed,1
46627.16,2,12358.13,Self-Employed,1
86596.29,6,22949.71,Employed,1
51713.41,8,13699.75,Employed,1
51735.12,7,13701.15,Unemployed,1
51938.32,5,13736.85,Employed,1
31313.92,2,8277.66,Employed,1
87903.99,9,23231.85,Employed,1
36435.25,1,9601.93,Self-Employed,0
65147.26,9,17149.06,Employed,1
48047.85,8,12632.3,Unemployed,1
60454.32,3,15889.75,Self-Employed,1
37305.48721,1,9797.096645,Self-Employed,0
66289.73,5,17396.91,Employed,1
46798.29,3,12274.31,Employed,1
28905.24,1,7577.53,Employed,1
58758.92,7,15388.3,Employed,1
45165.19,8,11813.95,Self-Employed,1
22705.33778,4,5932.192838,Unemployed,0
56285.29,10,14705.33,Self-Employed,1
53840.45,5,14044.65,Employed,1
35358.83411,1,9211.278858,Self-Employed,0
38690.53,9,10055.71,Self-Employed,1
55779.76,1,14494.48,Employed,1
52570.52,7,13657.14,Unemployed,1
70462.11,4,18297.42,Employed,1
84789.94,2,21909.17,Employed,1
62935.9,2,16254.66,Self-Employed,1
52952.92,7,13672.45,Employed,1
55736.15,9,14384.42,Self-Employed,1
34634.19,6,8928.43,Employed,1
66900.58,5,17224.86,Employed,1
23245.61367,4,5983.608357,Unemployed,0
55004.93,9,14150.92,Employed,1
22952.9,4,5889.43,Unemployed,0
57072.03,4,14619.52,Self-Employed,1
50779.19,9,13005.05,Employed,1
69760.91,1,17840.39,Employed,1
63344.46,6,16150.57,Unemployed,1
59491.73,8,15158.26,Self-Employed,1
97066.23,3,24689.78,Employed,1
39846.17,6,10100.42,Unemployed,1
36220.22,7,9139.45,Employed,1
46175.34,2,11639.38,Employed,1
50367.65,4,12683.68,Employed,1
62441.08,1,15672.26,Self-Employed,1
49945.96,3,12506.42,Self-Employed,1
80911.22,10,20226.31,Employed,1
23391.41129,4,5845.199061,Unemployed,0
45972.04,8,11484.6,Self-Employed,1
39854.12,9,9943.99,Self-Employed,1
67949.47,3,16948.11,Self-Employed,1
47195.43,7,11764.65,Employed,1
46237.5,4,11519.34,Employed,1
64529.67,7,16064.7,Employed,1
38183.24,7,9487.8,Employed,1
49501.55,10,12288,Employed,1
49246.43,10,12211.63,Employed,1
54073.68,9,13331.51,Employed,1
52529.82,1,12905.69,Self-Employed,1
41826.21,2,10258.78,Employed,1
65215.55,8,15982.05,Employed,1
80922.55,4,19829.94,Employed,1
45270.96,6,11072.12,Employed,1
86686.28,3,21105.35,Employed,1
48843.47,9,11869.86,Employed,1
23448.99302,4,5696.577795,Unemployed,0
64633.18,3,15688.74,Employed,1
65797.29,2,15956.38,Self-Employed,1
42818.77,1,10358,Self-Employed,1
57708.62,3,13948.44,Employed,1
88372.99,6,21359.25,Employed,1
41722.13,7,10064.1,Employed,1
51326.1,8,12331.36,Employed,1
67596.87,4,16212.4,Employed,1
64243.31,7,15402.35,Employed,1
53757.39,8,12853.19,Employed,1
65735.14,6,15696.91,Employed,1
60504.65,1,14392.39,Employed,1
71601.76,8,16995.34,Employed,1
48675.77,4,11543.27,Employed,1
59327.15,8,14033.71,Employed,1
44099.92,1,10424.31,Self-Employed,1
47794.97,9,11255.64,Employed,1
51179.53,8,12038.63,Employed,1
60352.16,7,14193.52,Employed,1
43467.7,1,10212.59,Self-Employed,1
20000,2,4684.65,Employed,1
59578.89,2,13923.54,Unemployed,1
57450.49,6,13384.59,Employed,1
44377.69,2,10334.12,Employed,1
63260.68,5,14707.99,Employed,1
65563.1,6,15212.41,Employed,1
58287.35,2,13493.4,Self-Employed,1
47361.71,2,10950.52,Employed,1
48512.36,6,11215.26,Employed,1
58800.41,7,13589.19,Self-Employed,1
28888.04,9,6672.23,Self-Employed,1
37846.21,10,8719.37,Employed,1
64627.96,4,14874.66,Unemployed,1
49908.94,5,11476.13,Employed,1
59838.51,9,13754.9,Unemployed,1
41346.45,6,9503.45,Employed,1
66369.65,8,15242.05,Employed,1
45383.33,7,10412.22,Unemployed,1
47598.01,4,10912.3,Employed,1
65840.85,7,15080.43,Employed,1
63787.31,5,14589.93,Employed,1
88600.4,2,20252.11,Self-Employed,1
61787,10,14035.89,Employed,1
42693.12,3,9680.45,Self-Employed,1
89485.73,3,20273.13,Employed,1
58921.32,3,13345.78,Employed,1
54249.32,1,12241.25,Unemployed,1
69922.91,1,15762.4,Employed,1
65876.37,8,14823.07,Employed,1
49013.75,5,11021.7,Employed,1
65338.56,7,14652.43,Employed,1
88695.64,3,19859.01,Employed,1
34995.03,4,7831.03,Employed,1
74370.18,0,16631.05,Employed,1
43604.64,2,9741.32,Self-Employed,1
58795.46,4,13132.85,Employed,1
56931.55,2,12715.38,Self-Employed,1
67689.46,7,15117.26,Employed,1
62864.89,1,14030.26,Employed,1
69176.78,7,15413.61,Employed,1
68315.51,7,15193.52,Employed,1
82856.83,2,18418.46,Employed,1
49479.73,0,10994.1,Employed,1
58413.79,2,12885.38,Employed,1
36444.47,7,8002.75,Employed,1
53132.95,6,11656.77,Employed,1
46265.54,4,10150.07,Self-Employed,1
41009.11,4,8977.3,Employed,1
76562.01,7,16759.32,Employed,1
60876.44,6,13318.57,Employed,1
58887.9,6,12864.15,Self-Employed,1
52857.5,4,11483.38,Self-Employed,1
54963.2,2,11936.23,Employed,1
41848.63,7,9083.75,Employed,1
55197.56,9,11977.2,Employed,1
57237.09,5,12402.97,Unemployed,1
71619.1,0,15480.51,Employed,1
69215.25,10,14929.91,Self-Employed,1
50311.91,1,10820.24,Employed,1
75307.12,4,16116.53,Employed,1
47139.76,6,10071.34,Employed,1
52305.88,8,11147.51,Employed,1
50903.45,5,10836.79,Employed,1
56206.99,9,11960.52,Employed,1
61491.2,0,13076.49,Self-Employed,1
54886.94,6,11575.67,Employed,1
43945.27,3,9266.72,Employed,1
74110.18,9,15597.41,Employed,1
54846.19,5,11535.66,Unemployed,1
58150.4,7,12226.29,Employed,1
65488.19,4,13713.46,Employed,1
46269.63,8,9680.34,Employed,1
66582.89,0,13916.49,Employed,1
49176.59,6,10272.35,Unemployed,1
57516.41,3,11984.72,Employed,1
58896.52,5,12209.07,Self-Employed,1
61387.33,4,12718.28,Employed,1
46381.46,2,9598.06,Employed,1
83157.85,6,17204.93,Self-Employed,1
42064.21,4,8698.21,Employed,1
64940.72,10,13426.27,Employed,1
84364.14,10,17437.19,Self-Employed,1
70308.09,1,14518,Employed,1
53332.01,2,10993.29,Employed,1
56362.49,7,11611.07,Employed,1
70106.76,9,14428.69,Employed,1
60641.78,7,12410.29,Employed,1
50195.03,4,10246.34,Self-Employed,1
63423.87,7,12920.89,Employed,1
62236.06,4,12648.83,Self-Employed,1
61694.91,10,12519.04,Employed,1
64450.64,4,13077.5,Employed,1
48315.08,3,9803.05,Employed,1
52919.11,9,10724.47,Self-Employed,1
82475.04,4,16699.1,Employed,1
63767.93,2,12902.11,Employed,1
57184.7,4,11536.4,Unemployed,1
70529.47,7,14208.76,Employed,1
57215.14,9,11431.48,Employed,1
47749.17,8,9538.79,Employed,1
72819.74,7,14520.95,Self-Employed,1
86829.5,10,17274.55,Employed,1
55988.35,5,11126.71,Employed,1
59137.07,5,11738.88,Employed,1
88401.27,7,17509.28,Employed,1
50925.2,2,10048.26,Employed,1
61209.4,7,12000.59,Employed,1
68404,1,13409.61,Employed,1
71656.47,8,14023.32,Employed,1
61082.16,7,11949.05,Employed,1
70990.33,3,13864.12,Employed,1
78710.47,5,15308.69,Employed,1
65094.39,4,12647.99,Self-Employed,1
48805.38,8,9439.69,Employed,1
66052.25,3,12760.35,Self-Employed,1
73148.65,6,14105.48,Unemployed,1
63786.15,2,12282.28,Employed,1
78151.94,4,15041.22,Employed,1
82177.24,4,15805.65,Employed,1
67156.31,1,12880.27,Employed,1
37591.54,2,7209.69,Employed,1
42754.08,6,8122.35,Employed,1
41292.15,7,7834.19,Employed,1
60293.9,1,11435.02,Unemployed,1
65437.33,9,12374.81,Employed,1
36359.19,3,6841.84,Self-Employed,1
60674.22,3,11365.06,Employed,1
54199.53,4,10144.6,Unemployed,1
72067.55,8,13443.12,Employed,1
54796.73,8,10215,Unemployed,1
45421.63,4,8465.08,Employed,1
61052.66,1,11307.13,Employed,1
49166.23,3,9097.92,Employed,1
54396.09,1,10048.52,Employed,1
56450.62,4,10373.49,Employed,1
78292.79,8,14282.54,Self-Employed,1
72535.36,7,13213.57,Employed,1
65464.99,8,11889.99,Self-Employed,1
82134.06,5,14876.26,Employed,1
72199.16,5,13018,Self-Employed,1
34818.43,3,6265.97,Employed,1
53211.41,4,9574.22,Employed,1
48753.42,8,8744.13,Employed,1
44760.25,4,8016.08,Employed,1
51921.57,1,9298.08,Employed,1
36379.64,2,6504.24,Employed,1
45909.15,3,8205.4,Self-Employed,1
68567.24,5,12253.85,Unemployed,1
56105.78,9,10017.88,Employed,1
25903.31,2,4624.15,Employed,1
76629.66,1,13667.69,Employed,1
50710.98,6,9044.81,Employed,1
45536.55,1,8110.37,Employed,1
62744.03,8,11096.82,Employed,1
34681.51,6,6121.31,Employed,1
49863.22,1,8799.53,Self-Employed,1
52768.27,3,9307.46,Self-Employed,1
62609.65,2,11036.67,Employed,1
66000.12,3,11548.46,Employed,1
64726.48,7,11317.39,Employed,1
49656.98,2,8661.7,Employed,1
57725.72,5,10066.41,Employed,1
73070.55,3,12719.23,Employed,1
72927.03,3,12657.67,Employed,1
50276.51,8,8725.04,Employed,1
46946.29,10,8136.64,Employed,1
42921.02,8,7355.02,Employed,1
51456.16,10,8804.54,Employed,1
60635.06,1,10338.43,Employed,1
69454.92,5,11823.18,Employed,1
62202.64,3,10574.42,Employed,1
55656.51,7,9443.61,Employed,1
82297.74,8,13917.73,Unemployed,1
69607.14,4,11718.04,Employed,1
66372.6,0,11122.3,Self-Employed,1
35608.41,7,5957.6,Unemployed,1
31432.77,7,5230.75,Employed,1
30199.66,5,5025.53,Employed,1
78517.86,8,13005.85,Employed,1
53358.26,1,8739.46,Self-Employed,1
74429.23,6,12188.44,Employed,1
65449.41,7,10712.08,Self-Employed,1
50282.74,8,8208.92,Self-Employed,1
55702.97,6,9078.79,Self-Employed,1
66645.5,1,10817.88,Employed,1
53513.22,3,8672.15,Employed,1
58903.35,2,9544.71,Employed,1
82159.16,10,13298.85,Employed,1
40377.78,4,6518.23,Self-Employed,1
58047.65,6,9357.8,Unemployed,1
37727.02,9,6080.42,Self-Employed,1
44177.35,9,7094.39,Employed,1
57340.62,6,9202.64,Self-Employed,1
75446.85,2,12074.77,Employed,1
72991.08,3,11657.18,Employed,1
90802.54,2,14470.79,Employed,1
79470.88,7,12619.43,Self-Employed,1
64296.88,3,10200.74,Employed,1
40652.89,3,6430.64,Employed,1
60989.6,5,9629.34,Employed,1
48907.57,8,7715.56,Self-Employed,1
62266.49,8,9822.36,Unemployed,1
72511.4,0,11438.3,Employed,1
67412.4,1,10589.77,Employed,1
58588.74,5,9201.58,Self-Employed,1
71704.67,8,11207.17,Employed,1
58250.78,7,9047.29,Employed,1
54287.98,8,8428.83,Self-Employed,1
39223.89,1,6045.51,Self-Employed,1
81995.5,1,12606.29,Employed,1
40974.4,4,6271.41,Employed,1
42132.2,5,6414.26,Employed,1
30077.21,1,4571.98,Employed,1
53498.24,5,8095.92,Employed,1
58828.68,2,8784.7,Employed,1
69756.73,1,10342.17,Employed,1
56193.97,5,8206.31,Employed,1
50608.88,7,7359.94,Employed,1
70880.03,6,10251.93,Employed,1
45253.87,4,6494.44,Employed,1
34909.74,9,5009.84,Employed,1
50967.12,2,7280.81,Employed,1
81385.81,10,11550.59,Employed,1
45362.42,5,6424.82,Employed,1
54238.7,2,7654.88,Employed,1
63892.66,4,9013.8,Employed,1
56899.58,2,8020.34,Employed,1
49435.48,4,6926.3,Unemployed,1
73688.19,1,10266.21,Employed,1
53017.39,3,7372.3,Employed,1
31330.18,7,4343.52,Employed,1
63969.2,3,8859.54,Employed,1
70853.11,8,9725.96,Employed,1
64035.18,2,8787.56,Employed,1
64329.58,0,8782.49,Employed,1
60193.97,2,8159.69,Employed,1
74674.52,7,10083.03,Employed,1
60835.72,7,8210.77,Employed,1
76481.81,1,10319.54,Employed,1
86948.63,9,11630.79,Employed,1
72701.75,9,9700.28,Employed,1
89025.25,8,11871.76,Employed,1
36209.23,4,4810.3,Employed,1
52646.62,6,6984.12,Employed,1
50220.32,2,6589.35,Self-Employed,1
39434.84,5,5159.43,Employed,1
45346,6,5931.85,Employed,1
48549.3,9,6343.83,Employed,1
62307.23,9,8054.77,Self-Employed,1
46628.52,8,5999.29,Employed,1
62202.76,1,8003.02,Self-Employed,1
47622.06,10,6107.01,Employed,1
75675.63,8,9701.88,Employed,1
38059.61,4,4874.71,Employed,1
56715.75,8,7243.17,Employed,1
47192.84,6,6021.95,Employed,1
62791.61,8,8010.49,Employed,1
74425.95,5,9493.77,Unemployed,1
89665.15,6,11436.51,Employed,1
59943.22,3,7638.64,Employed,1
40882.67,6,5170.16,Employed,1
60621.63,4,7554.57,Employed,1
43030.74,0,5295.1,Unemployed,1
66104.48,8,8130.07,Employed,1
84060.39,8,10337.54,Employed,1
49616.69,2,6072.65,Unemployed,1
73790.25,5,9026.32,Employed,1
64310.03,2,7827.17,Employed,1
53287.25,7,6474.91,Employed,1
55016.85,6,6668.72,Employed,1
82359.62,9,9915.51,Employed,1
64880.64,1,7807.16,Employed,1
54454.77,3,6519.53,Self-Employed,1
76039.46,1,9078.58,Employed,1
26083.59,4,3108.17,Employed,1
55877.06,5,6653.89,Employed,1
62328.54,9,7421.32,Employed,1
61383.93,4,7300.01,Employed,1
52113.29,8,6194.01,Employed,1
84719.88,5,10061.37,Self-Employed,1
72168.41,6,8569.81,Employed,1
51702.76,4,6097.78,Employed,1
49509.58,9,5837.73,Employed,1
41960.55,6,4899.59,Employed,1
81151.22,2,9448.92,Self-Employed,1
54984.71,3,6331.42,Employed,1
54489.39,2,6261.65,Employed,1
66890.75,5,7675.69,Employed,1
66514.39,4,7604.38,Employed,1
51454.94,3,5847.33,Employed,1
63917.6,6,7257.68,Unemployed,1
72550.97,2,8230.38,Self-Employed,1
77471.88,6,8765.06,Employed,1
84483.47,2,9415.59,Self-Employed,1
53904.83,1,5930.57,Unemployed,1
76918.37,0,8435.84,Employed,1
35214.11,7,3841.13,Employed,1
83786.54,9,9138.74,Employed,1
67229.56,0,7264.14,Self-Employed,1
57512.67,5,6179.82,Employed,1
51343.71,6,5490.72,Employed,1
34065.44,3,3619.71,Unemployed,1
24347.47,7,2542.93,Employed,1
58563.36,7,6114.57,Employed,1
53261.49,9,5547.95,Employed,1
58859.82,2,6055.05,Unemployed,1
64974.66,4,6641.38,Self-Employed,1
40966.82,5,4177.77,Employed,1
66140.11,8,6692.95,Self-Employed,1
44005.46,3,4446.26,Employed,1
42667.26,4,4175.72,Unemployed,1
82448.82,7,8058.11,Employed,1
39842.57,9,3884.33,Employed,1
41253.84,8,4006.05,Employed,1
65486.98,9,6282.57,Employed,1
44963.23,8,4291.19,Unemployed,1
46313.85,10,4369.66,Employed,1
60222.51,7,5673.29,Self-Employed,1
54056.85,1,4997.78,Unemployed,1
61619.51,2,5668.48,Employed,1
70886.98,10,6502.27,Employed,1
62986.33,10,5770.25,Self-Employed,1
107790.97,9,9841.21,Employed,1
61865.48,7,5640.9,Employed,1
50888.28,9,4568.82,Employed,1
59848.3,3,5258.68,Self-Employed,1
55064.04,9,4810.89,Employed,1
63744.92,5,5563.96,Employed,1
61131.43,6,5279.63,Employed,1
54214.88,10,4672.99,Employed,1
73917.58,10,6349.78,Self-Employed,1
59520.82,4,5038.41,Self-Employed,1
96183.21,9,8107.68,Unemployed,1
55077.45,10,4571.97,Self-Employed,1
44761.13,6,3686.65,Employed,1
74486.17,6,6042.11,Employed,1
58558.98,6,4695.39,Employed,1
59090.15,1,4728.32,Employed,1
52772.54,4,4178.23,Employed,1
76330.11,5,5944.37,Unemployed,1
53740.76,3,4164.12,Self-Employed,1
40979.49,9,3093.28,Employed,1
59878.16,3,4484.88,Employed,1
40188.86,1,2980.98,Employed,1
67389.95,6,4881.17,Employed,1
72845.45,1,5205.56,Unemployed,1
70764.09,10,5027.42,Employed,1
59730.65,10,4052.44,Employed,1
48559.1,7,3271.06,Employed,1
58154,8,3832.87,Employed,1
52801.5,10,3389.17,Employed,1
69763.96,5,4412.13,Employed,1
79375.21,4,4971.29,Self-Employed,1
50422.72,7,3114.95,Self-Employed,1
52125.75,3,3153.32,Employed,1
75258.92,1,4550.63,Self-Employed,1
66549.53,0,4021.28,Employed,1
67033.48,1,3997.29,Employed,1
62609.3,0,3729.95,Employed,1
68716.13,3,4041.06,Employed,1
31226.91,3,1789.14,Unemployed,1
46648.06,1,2289.31,Employed,1
52665.52,1,2577.78,Employed,1
46878.25,1,2260.3,Employed,1
70616.57,0,3288.3,Employed,1
82564.14,10,3679.85,Employed,1
49258.04,0,2188.42,Self-Employed,1
26282.14,2,1072.38,Employed,1
75533.22,2,3077.29,Self-Employed,1
41159.53,4,1562.06,Employed,1
57103.89,8,2136.25,Employed,1
51848.07,7,1929.59,Employed,1
56838.32,6,2043.57,Employed,1
42758.85,7,1534.27,Employed,1
46713.49,3,1636.4,Employed,1
75659.2,6,2531.04,Employed,1
44494.58,0,1469.82,Employed,1
45958.9,4,1481.57,Employed,1
66334.26,5,2068.94,Employed,1
57098.56,9,1688.55,Employed,1
66412.87,9,1961.37,Unemployed,1
61675.42,9,1792.4,Employed,1
37080.74,10,883.59,Employed,1
40260.84,6,886.83,Self-Employed,1
50721.27,9,1099.9,Employed,1
52750.13,9,1103.51,Employed,1
77734.34,1,1581.02,Employed,1
70181.3,3,1406.63,Employed,1
54647.31,1,859.4,Employed,1
59155.55,2,919.98,Employed,1
34854.04,8,449.51,Employed,1
40056.49,2,506.28,Self-Employed,1
42157.1,8,504.38,Employed,1
71307.56,10,632.47,Unemployed,1
57696.28,3,426.61,Employed,1
46447.72,10,314.96,Unemployed,1
56191.71,4,310.77,Unemployed,1
50078.66,8,245.12,Employed,1
69654.63,6,326.75,Employed,1
49797.54,1,217.75,Unemployed,1
71163.99,5,240.37,Employed,1
76284.06,9,44.68,Employed,1
74184.17,5,11.11,Unemployed,1
65052.99,1,0,Self-Employed,1
28972.23,4,0,Employed,1
31537.04,4,0,Employed,1
25887.75,5,0,Employed,1
77986.62,8,0,Employed,1
37298.09,10,0,Employed,1
63494,6,0,Employed,1
47600.92,8,0,Employed,1
42962.37,7,0,Employed,1
43249.02,7,0,Employed,1
33985.69,9,0,Self-Employed,1
73267.28,9,0,Employed,1
48663.2,8,0,Employed,1
33776.78,3,0,Employed,1
43821.85,4,0,Employed,1
70334.57,3,0,Self-Employed,1
56201.52,7,0,Employed,1
23319.2,9,0,Employed,1
60886.5,5,0,Employed,1
24613.03,8,0,Employed,1
31668.08,3,0,Employed,1
40827.23,7,0,Employed,1
41365.43,4,0,Employed,1
62508.83,9,0,Employed,1
44557.42,6,0,Employed,1
45773.23,2,0,Employed,1
60122.29,7,0,Employed,1
59682.26,5,0,Employed,1
40295.95,1,0,Employed,1
41394.5,9,0,Self-Employed,1
51800.47,4,0,Employed,1
63254.9,6,0,Employed,1
72148.11,2,0,Employed,1
70701.37,6,0,Unemployed,1
64461.31,2,0,Self-Employed,1
35155.58,5,0,Employed,1
35474.83,8,0,Employed,1
53358.71,7,0,Employed,1
28960.92,2,0,Employed,1
75088.59,3,0,Unemployed,1
58374.9,1,0,Employed,1
50045.69,4,0,Employed,1
40914.28,2,0,Employed,1
38698.73,2,0,Employed,1
34296.34,2,0,Employed,1
80843.11,3,0,Employed,1
61300.12,2,0,Employed,1
31185.66,7,0,Self-Employed,1
64293.12,1,0,Self-Employed,1
38717.65,1,0,Employed,1
50319.67,6,0,Employed,1
48674.56,2,0,Employed,1
32091.12,7,0,Employed,1
40687.29,4,0,Employed,1
36771.88,8,0,Employed,1
